{"stats":{"minecraft:custom":{"minecraft:animals_bred":83,"minecraft:interact_with_crafting_table":51,"minecraft:open_barrel":5,"minecraft:eat_cake_slice":2,"minecraft:leave_game":14,"minecraft:time_since_death":2063,"minecraft:sprint_one_cm":3068618,"minecraft:damage_blocked_by_shield":130,"minecraft:drop":211,"minecraft:talked_to_villager":66,"minecraft:play_time":922501,"minecraft:deaths":26,"minecraft:jump":13597,"minecraft:interact_with_brewingstand":5,"minecraft:walk_on_water_one_cm":97427,"minecraft:interact_with_furnace":81,"minecraft:traded_with_villager":34,"minecraft:sleep_in_bed":54,"minecraft:waystone_activated":2,"minecraft:damage_dealt":19313,"minecraft:crouch_one_cm":35329,"tombstone:undead_killed":9,"minecraft:mob_kills":48,"minecraft:interact_with_anvil":9,"minecraft:climb_one_cm":12317,"minecraft:walk_one_cm":1228069,"minecraft:sneak_time":27966,"minecraft:walk_under_water_one_cm":56636,"minecraft:total_world_time":922501,"tombstone:raider_killed":30,"minecraft:interact_with_stonecutter":6,"minecraft:time_since_rest":1077,"minecraft:damage_taken":13319,"minecraft:trigger_trapped_chest":2,"tombstone:cast_on_ally":0,"minecraft:swim_one_cm":76239,"minecraft:fly_one_cm":2790581,"minecraft:open_chest":379,"minecraft:fall_one_cm":355834},"minecraft:killed":{"illagerinvasion:archivist":5,"minecraft:spider":1,"illagerinvasion:basher":3,"minecraft:skeleton":2,"illagerinvasion:provoker":2,"minecraft:zombie_villager":1,"illagerinvasion:alchemist":2,"minecraft:zombie":2,"minecraft:vex":2,"minecraft:evoker":2,"minecraft:vindicator":9,"illagerinvasion:marauder":6,"minecraft:horse":2,"eidolon:wraith":2,"naturalist:butterfly":1,"iceandfire:ghost":2,"ars_nouveau:whirlisprig":1,"iceandfire:ice_dragon":1},"minecraft:dropped":{"minecraft:spruce_sign":7,"minecraft:loom":1,"minecraft:glass_bottle":10,"minecraft:dark_oak_slab":8,"iceandfire:ectoplasm":3,"minecraft:emerald":1,"minecraft:dirt":2,"minecraft:grass":1,"minecraft:stone_button":8,"minecraft:cornflower":3,"minecraft:snowball":4,"minecraft:sunflower":1,"minecraft:sand":3,"minecraft:dark_oak_planks":4,"minecraft:white_wool":1,"minecraft:gravel":9,"minecraft:iron_nugget":4,"dynamictrees:oak_seed":3,"minecraft:golden_chestplate":1,"alexsmobs:animal_dictionary":1,"minecraft:andesite_slab":20,"minecraft:wheat":4,"tombstone:gift":1,"minecraft:oak_planks":4,"minecraft:azure_bluet":3,"minecraft:carrot":183,"patchouli:guide_book":2,"minecraft:chiseled_stone_bricks":1,"minecraft:poppy":4,"minecraft:orange_banner":5,"minecraft:chainmail_boots":1,"minecraft:arrow":3,"minecraft:water_bucket":2,"minecraft:bread":12,"minecraft:wheat_seeds":47,"gamma_beasts:oak_leaf":50,"eidolon:silver_sword":1,"minecraft:cobblestone":3,"minecraft:book":2,"minecraft:apple":5,"delightful:green_tea_leaf":45,"minecraft:spruce_button":4,"delightful:mini_melon":1,"minecraft:coal":1,"minecraft:stick":79,"minecraft:oxeye_daisy":3,"ars_nouveau:worn_notebook":1,"tombstone:grave_key":1,"rpgsmw:class_choose_orb":1,"minecraft:potion":4,"minecraft:stonecutter":1,"minecraft:chainmail_leggings":1,"minecraft:paper":12,"minecraft:pink_petals":5,"minecraft:acacia_planks":11,"minecraft:dandelion":10,"forbidden_arcanus:edelwood_water_bucket":1,"minecraft:light_gray_wool":1,"minecraft:shears":1,"minecraft:potato":25,"relics:magic_mirror":1,"iceandfire:frozen_splinters":1,"minecraft:spider_eye":2,"minecraft:stone_bricks":10,"minecraft:bow":1,"minecraft:wooden_pickaxe":2},"minecraft:crafted":{"minecraft:oak_planks":436,"iceandfire:armor_silver_boots":1,"iceandfire:silver_shovel":2,"minecraft:stone":203,"minecraft:lever":12,"toughasnails:leaf_leggings":1,"minecraft:glass":155,"iceandfire:armor_silver_metal_leggings":1,"minecraft:chest":4,"eidolon:silver_chestplate":1,"eidolon:silver_ingot":17,"iceandfire:silver_axe":1,"minecraft:glass_bottle":3,"minecraft:oak_slab":78,"minecraft:emerald":8,"minecraft:crafting_table":3,"minecraft:wooden_pickaxe":1,"rpgsmw:miphrilignot":15,"minecraft:fletching_table":8,"minecraft:stick":76,"minecraft:iron_block":3,"minecraft:gold_ingot":14,"minecraft:composter":1,"toughasnails:empty_canteen":1,"minecraft:redstone":52,"minecraft:coal":54,"minecraft:piston":12,"minecraft:bone_meal":234,"minecraft:oak_trapdoor":6,"minecraft:wheat":873,"iceandfire:silver_ingot":10,"minecraft:acacia_trapdoor":8,"minecraft:bread":284,"minecraft:acacia_boat":3,"minecraft:air":0,"minecraft:oak_boat":1,"minecraft:stonecutter":1,"minecraft:anvil":1,"minecraft:acacia_planks":54,"eidolon:silver_sword":2,"iceandfire:armor_silver_helmet":1},"minecraft:killed_by":{"minecraft:vex":2},"minecraft:used":{"minecraft:diamond_hoe":84,"iceandfire:dragon_skull_ice":3,"minecraft:chest":4,"minecraft:shield":7,"minecraft:rotten_flesh":2,"minecraft:iron_chestplate":4,"minecraft:carrot":411,"minecraft:glass":147,"minecraft:lava_bucket":10,"minecraft:lantern":12,"iceandfire:armor_silver_metal_leggings":9,"minecraft:stone_brick_stairs":5,"minecraft:stone_bricks":68,"minecraft:item_frame":10,"delightful:green_tea_leaf":1,"minecraft:red_carpet":43,"minecraft:bow":384,"minecraft:sweet_berries":3,"eidolon:silver_chestplate":1,"minecraft:egg":2,"minecraft:potato":2,"forbidden_arcanus:edelwood_bucket":6,"eidolon:silver_shovel":82,"minecraft:acacia_trapdoor":20,"minecraft:oak_planks":47,"minecraft:wooden_pickaxe":2,"minecraft:composter":1,"cataclysm:chiseled_stone_brick_pillar":38,"toughasnails:water_canteen":193,"minecraft:oak_leaves":31,"minecraft:white_wool":1,"minecraft:sand":1,"iceandfire:silver_axe":364,"minecraft:shears":40,"relics:horse_flute":6,"waystones:waystone":1,"minecraft:lever":12,"minecraft:bread":241,"dynamictrees:acacia_seed":5,"minecraft:gravel":203,"iceandfire:dragon_skull_fire":3,"minecraft:chainmail_boots":1,"minecraft:oak_boat":1,"minecraft:air":4,"minecraft:bone_meal":234,"minecraft:experience_bottle":5,"minecraft:oak_trapdoor":5,"minecraft:oak_fence":4,"minecraft:redstone":24,"dynamictrees:oak_seed":83,"minecraft:torch":12,"minecraft:brewing_stand":4,"minecraft:dirt":381,"minecraft:anvil":1,"toughasnails:empty_canteen":44,"minecraft:spruce_stairs":2,"eidolon:silver_sword":383,"minecraft:dark_oak_planks":1,"minecraft:iron_axe":6,"minecraft:spruce_button":1,"tombstone:gift":2,"minecraft:acacia_planks":2,"minecraft:acacia_boat":3,"minecraft:water_bucket":178,"toughasnails:leaf_leggings":6,"tombstone:scroll_of_reach":1,"minecraft:glass_bottle":23,"minecraft:fletching_table":20,"minecraft:stonecutter":1,"minecraft:green_bed":35,"forbidden_arcanus:edelwood_water_bucket":5,"cataclysm:stone_pillar":21,"minecraft:oak_slab":2,"minecraft:crafting_table":3,"minecraft:white_bed":3,"minecraft:oak_log":2,"minecraft:mud":1,"minecraft:piston":22,"minecraft:diamond_pickaxe":854,"minecraft:iron_pickaxe":16,"toughasnails:leaf_chestplate":1,"minecraft:chiseled_stone_bricks":2,"minecraft:cobblestone":2,"minecraft:potion":27,"minecraft:orange_banner":2,"toughasnails:purified_water_canteen":147,"minecraft:bucket":188,"iceandfire:silver_shovel":924,"minecraft:dandelion":7,"minecraft:diamond_leggings":5},"minecraft:picked_up":{"irons_spellbooks:scroll":1,"ars_nouveau:caster_tome":1,"gamma_beasts:thin_oak_log":32,"minecraft:iron_chestplate":2,"minecraft:wheat":4,"minecraft:stone_slab":108,"minecraft:lead":2,"alexscaves:cave_tablet":2,"minecraft:potion":3,"minecraft:stone_brick_stairs":7,"tombstone:grave_key":1,"minecraft:brewing_stand":4,"minecraft:string":10,"relics:magic_mirror":2,"minecraft:iron_leggings":1,"minecraft:experience_bottle":2,"dynamictrees:oak_seed":181,"minecraft:iron_pickaxe":1,"delightful:green_tea_leaf":64,"iceandfire:armor_bronze_boots":1,"minecraft:stick":537,"minecraft:oak_fence":2,"minecraft:torch":25,"cataclysm:chiseled_stone_brick_pillar":36,"minecraft:acacia_log":8,"minecraft:green_bed":35,"minecraft:spruce_stairs":1,"tombstone:grave_dust":4,"eidolon:tattered_cloth":2,"minecraft:rotten_flesh":3,"eidolon:silver_sword":2,"minecraft:vex_armor_trim_smithing_template":1,"gamma_beasts:coal_nugget":4,"ars_nouveau:sourceberry_bush":4,"minecraft:obsidian":3,"cataclysm:stone_pillar":21,"minecraft:snowball":4,"minecraft:cobblestone":366,"minecraft:pink_petals":5,"minecraft:water_bucket":3,"minecraft:andesite":1,"minecraft:potato":13,"minecraft:flint":30,"butchersdelight:deadpig":3,"gamma_beasts:oak_leaf":63,"minecraft:dirt":614,"minecraft:lantern":12,"minecraft:bone":12,"minecraft:acacia_planks":5,"minecraft:stonecutter":1,"minecraft:bow":1,"delightful:mini_melon":1,"minecraft:wheat_seeds":48,"minecraft:fletching_table":12,"minecraft:oak_planks":60,"iceandfire:dragon_skull_fire":3,"minecraft:sand":158,"dynamictrees:acacia_seed":5,"minecraft:loom":1,"minecraft:bundle":1,"toughasnails:water_canteen":1,"minecraft:yellow_carpet":1,"waystones:waystone":1,"minecraft:crossbow":1,"minecraft:grass":1,"minecraft:spruce_button":5,"minecraft:spruce_sign":6,"minecraft:bread":46,"minecraft:emerald":19,"minecraft:oak_leaves":39,"minecraft:dark_oak_fence":22,"iceandfire:raw_silver":1,"minecraft:andesite_slab":52,"minecraft:diamond_pickaxe":1,"endrem:magical_eye":1,"minecraft:mud":1,"minecraft:azure_bluet":3,"minecraft:wooden_pickaxe":1,"minecraft:orange_banner":7,"minecraft:shield":2,"ars_nouveau:amplify_arrow":26,"minecraft:cornflower":3,"iceandfire:frozen_splinters":2,"minecraft:iron_axe":1,"minecraft:item_frame":10,"butchersdelight:dead_cow":1,"iceandfire:armor_silver_metal_leggings":1,"minecraft:iron_nugget":15,"minecraft:poppy":4,"minecraft:light_gray_wool":1,"minecraft:chest":1,"minecraft:piston":10,"minecraft:diamond_hoe":1,"iceandfire:ice_dragon_heart":1,"minecraft:egg":2,"iceandfire:dragonbone":7,"minecraft:white_dye":2,"minecraft:stone_button":2,"minecraft:carrot":359,"minecraft:redstone":2,"minecraft:dark_oak_planks":5,"iceandfire:dragon_skull_ice":3,"minecraft:arrow":4,"minecraft:shears":1,"iceandfire:dragonscales_silver":13,"crittersandcompanions:silk":17,"minecraft:hay_block":8,"minecraft:gold_ingot":2,"minecraft:totem_of_undying":3,"minecraft:white_wool":2,"minecraft:oxeye_daisy":3,"iceandfire:silver_axe":1,"minecraft:leather":1,"gamma_beasts:green_apple":42,"minecraft:oak_log":540,"iceandfire:ectoplasm":3,"minecraft:gunpowder":5,"minecraft:paper":12,"minecraft:red_carpet":43,"minecraft:apple":7,"minecraft:stone_bricks":172,"minecraft:acacia_trapdoor":12,"minecraft:rabbit_hide":6,"minecraft:iron_ingot":2,"minecraft:glass_bottle":4,"minecraft:book":39,"minecraft:dark_oak_slab":8,"iceandfire:armor_bronze_helmet":1,"minecraft:sweet_berries":3,"minecraft:chiseled_stone_bricks":3,"minecraft:brush":1,"minecraft:dandelion":17,"minecraft:raw_iron_block":1,"minecraft:gravel":248,"gamma_beasts:thin_acacia_log":11,"minecraft:white_bed":3,"minecraft:spider_eye":2,"travelersbackpack:standard":2,"tombstone:scroll_of_knowledge":1,"iceandfire:ice_dragon_flesh":2,"minecraft:coal":20,"minecraft:sunflower":1},"minecraft:mined":{"minecraft:dark_oak_planks":5,"gamma_beasts:roble_hoja_1":14,"minecraft:white_bed":3,"minecraft:farmland":1,"gamma_beasts:thin_acacia_log":11,"minecraft:brewing_stand":4,"cataclysm:stone_pillar":21,"minecraft:grass_block":383,"minecraft:yellow_carpet":1,"minecraft:chiseled_stone_bricks":3,"minecraft:fire":10,"minecraft:fletching_table":12,"minecraft:azure_bluet":1,"minecraft:dirt_path":1,"minecraft:green_carpet":1,"minecraft:green_bed":35,"iceandfire:dragon_ice_spikes":140,"minecraft:poppy":2,"minecraft:chest":1,"minecraft:glass":1,"minecraft:oak_planks":11,"minecraft:dark_oak_slab":8,"minecraft:mud":1,"minecraft:stone_brick_stairs":7,"minecraft:grass":209,"minecraft:oak_log":115,"minecraft:loom":1,"minecraft:sand":156,"minecraft:dirt":222,"minecraft:stonecutter":1,"minecraft:piston":10,"minecraft:oak_leaves":39,"minecraft:red_carpet":5,"iceandfire:silver_ore":1,"farmersdelight:wild_carrots":1,"gamma_beasts:roblo_hoja":4,"minecraft:dark_oak_fence":22,"cataclysm:chiseled_stone_brick_pillar":36,"iceandfire:frozen_splinters":9,"minecraft:hay_block":8,"farmersdelight:wild_onions":2,"minecraft:carrots":100,"minecraft:acacia_trapdoor":13,"minecraft:andesite":1,"minecraft:bookshelf":12,"minecraft:vine":1,"minecraft:lantern":7,"crittersandcompanions:silk_cocoon":1,"minecraft:stone":367,"minecraft:dandelion":10,"travelersbackpack:standard":2,"minecraft:oak_fence":2,"minecraft:cornflower":2,"minecraft:andesite_slab":25,"minecraft:stone_slab":54,"minecraft:tall_grass":36,"minecraft:ice":1,"gamma_beasts:thin_oak_log":32,"minecraft:coal_ore":14,"minecraft:gravel":276,"minecraft:sunflower":1,"dynamictrees:oak_sapling":5,"minecraft:acacia_planks":2,"minecraft:stone_bricks":167},"minecraft:broken":{"minecraft:iron_chestplate":1,"minecraft:iron_leggings":1,"iceandfire:armor_bronze_boots":1,"iceandfire:armor_bronze_helmet":1,"iceandfire:silver_shovel":2,"minecraft:bow":1,"eidolon:silver_sword":2,"toughasnails:water_canteen":18,"toughasnails:purified_water_canteen":25,"iceandfire:silver_axe":1,"eidolon:silver_shovel":1}},"DataVersion":3465}