{"stats":{"minecraft:killed":{"illagerinvasion:archivist":5,"illagerinvasion:basher":4,"minecraft:skeleton":27,"minecraft:pillager":8,"minecraft:zombie":16,"gamma_beasts:spider_a":1,"minecraft:evoker":2,"minecraft:vindicator":10,"illagerinvasion:marauder":7,"minecraft:horse":2,"eidolon:wraith":3,"graveyard:ghoul":1,"endermanoverhaul:cave_enderman":1,"iceandfire:ghost":5,"iceandfire:ice_dragon":1,"minecraft:spider":4,"illagerinvasion:provoker":2,"minecraft:illusioner":1,"irons_spellbooks:summoned_skeleton":1,"gamma_beasts:diamond_golem_c":1,"minecraft:piglin":1,"minecraft:zombie_villager":1,"alexsmobs:stradpole":2,"illagerinvasion:alchemist":3,"minecraft:creeper":2,"alexsmobs:crimson_mosquito":3,"eidolon:zombie_brute":1,"minecraft:vex":2,"irons_spellbooks:summoned_zombie":1,"gamma_beasts:spider_c":1,"naturalist:butterfly":1,"gamma_beasts:diamond_golem_a":1,"ars_nouveau:whirlisprig":1},"minecraft:broken":{"toughasnails:leaf_chestplate":2,"minecraft:iron_boots":1,"minecraft:iron_chestplate":1,"minecraft:iron_leggings":2,"iceandfire:armor_bronze_boots":1,"minecraft:diamond_pickaxe":1,"iceandfire:armor_bronze_helmet":1,"iceandfire:silver_shovel":5,"minecraft:bow":1,"eidolon:silver_helmet":1,"toughasnails:water_canteen":55,"minecraft:iron_axe":1,"toughasnails:purified_water_canteen":51,"toughasnails:leaf_helmet":1,"iceandfire:silver_axe":2,"eidolon:silver_sword":2,"toughasnails:leaf_leggings":2,"iceandfire:armor_silver_boots":1,"eidolon:silver_chestplate":2,"iceandfire:armor_silver_helmet":1,"eidolon:silver_shovel":1},"minecraft:picked_up":{"gamma_beasts:thin_oak_log":40,"minecraft:iron_chestplate":2,"butchersdelightfoods:legcow":116,"minecraft:anvil":1,"minecraft:lead":4,"minecraft:stone_slab":108,"minecraft:diamond_sword":1,"minecraft:oak_stairs":4,"minecraft:enchanted_book":2,"minecraft:brewing_stand":6,"minecraft:golden_sword":1,"forbidden_arcanus:xpetrified_orb":2,"minecraft:string":31,"relics:magic_mirror":3,"minecraft:cooked_salmon":3,"minecraft:cobbled_deepslate":109,"minecraft:spruce_planks":8,"rpgsmw:rawmiphrilignot":7,"minecraft:enchanted_golden_apple":1,"minecraft:green_bed":36,"minecraft:acacia_log":8,"minecraft:cherry_log":23,"celestisynth:wintereis_shard":4,"eidolon:silver_sword":2,"minecraft:vex_armor_trim_smithing_template":1,"minecraft:red_tulip":4,"gamma_beasts:coal_nugget":24,"ars_nouveau:sourceberry_bush":4,"minecraft:snowball":4,"minecraft:birch_log":9,"butchersdelightfoods:beeftenderloin":115,"minecraft:magma_block":2,"minecraft:cooked_beef":4,"eidolon:raw_silver":11,"minecraft:water_bucket":3,"minecraft:flint":30,"butchersdelight:deadpig":3,"minecraft:stripped_spruce_wood":1,"farmersdelight:cooked_bacon":4,"minecraft:lantern":12,"minecraft:stonecutter":1,"delightful:mini_melon":2,"forbidden_arcanus:rune":3,"minecraft:glowstone_dust":58,"epicsamurai:raw_silver":8,"butchersdelight:skullcow":116,"iceandfire:dragon_skull_fire":3,"butchersdelightfoods:porkloin":3,"dynamictrees:acacia_seed":5,"minecraft:loom":1,"minecraft:fermented_spider_eye":1,"minecraft:bundle":5,"toughasnails:water_canteen":1,"rpgsmw:rangal":2,"minecraft:deepslate":3,"minecraft:polished_granite_slab":1,"minecraft:granite":31,"minecraft:spruce_button":5,"minecraft:bread":46,"epicsamurai:ruby":1,"minecraft:dark_oak_fence":22,"minecraft:crimson_roots":1,"iceandfire:raw_silver":1,"minecraft:diamond_pickaxe":1,"minecraft:mud":1,"minecraft:coarse_dirt":3,"minecraft:crafting_table":2,"minecraft:orange_banner":7,"minecraft:yellow_candle":6,"minecraft:cornflower":3,"iceandfire:frozen_splinters":2,"gamma_beasts:acacia_leaf":1,"epicsamurai:jade":2,"butchersdelight:dead_cow":119,"minecraft:cracked_stone_bricks":8,"farmersdelight:beef_patty":5,"minecraft:beef":116,"iceandfire:armor_silver_metal_leggings":1,"minecraft:iron_nugget":19,"minecraft:poppy":4,"minecraft:chest":1,"minecraft:piston":10,"minecraft:diamond_hoe":1,"minecraft:egg":3,"minecraft:stone":1,"minecraft:white_dye":2,"minecraft:carrot":359,"minecraft:redstone":2,"iceandfire:dragon_skull_ice":3,"minecraft:cooked_cod":3,"minecraft:decorated_pot":1,"iceandfire:dragonscales_silver":13,"minecraft:shears":1,"minecraft:hay_block":20,"minecraft:gold_ingot":18,"minecraft:totem_of_undying":3,"minecraft:white_wool":18,"minecraft:oxeye_daisy":3,"minecraft:oak_log":645,"minecraft:paper":12,"minecraft:apple":7,"minecraft:stone_bricks":205,"minecraft:glass_bottle":5,"epicsamurai:aquamarine":9,"forbidden_arcanus:darkstone":3,"minecraft:dark_oak_slab":8,"iceandfire:armor_bronze_helmet":1,"minecraft:sweet_berries":13,"minecraft:gravel":252,"gamma_beasts:thin_acacia_log":23,"minecraft:spruce_log":14,"illagerinvasion:illusionary_dust":1,"forbidden_arcanus:arcane_crystal":5,"travelersbackpack:standard":17,"tombstone:scroll_of_knowledge":1,"knightsnmages:moonlight_gem":5,"iceandfire:ice_dragon_flesh":2,"gamma_beasts:thin_spruce_log":6,"minecraft:ender_pearl":2,"irons_spellbooks:scroll":1,"ars_nouveau:caster_tome":1,"minecraft:wheat":4,"illagerinvasion:platinum_chunk":4,"minecraft:nether_brick_fence":4,"gamma_beasts:fur":2,"alexscaves:cave_tablet":2,"minecraft:potion":3,"minecraft:stone_brick_stairs":11,"tombstone:grave_key":2,"minecraft:raw_copper":4,"minecraft:iron_leggings":1,"minecraft:experience_bottle":2,"alexsmobs:blood_sac":3,"minecraft:bucket":1,"minecraft:white_tulip":2,"rpgsmw:redarium":1,"minecraft:rose_bush":6,"minecraft:cobblestone_slab":2,"dynamictrees:oak_seed":197,"minecraft:iron_pickaxe":1,"delightful:green_tea_leaf":75,"iceandfire:armor_bronze_boots":1,"minecraft:stick":637,"minecraft:oak_fence":2,"cataclysm:chiseled_stone_brick_pillar":36,"minecraft:torch":78,"minecraft:spruce_stairs":1,"minecraft:porkchop":3,"tombstone:grave_dust":15,"minecraft:diorite":14,"eidolon:tattered_cloth":2,"minecraft:rotten_flesh":16,"butchersdelightfoods:ham":3,"rpgsmw:edmantium":4,"minecraft:obsidian":19,"cataclysm:stone_pillar":21,"minecraft:cobblestone":1163,"minecraft:pink_petals":89,"minecraft:andesite":68,"gamma_beasts:prehnite":26,"minecraft:potato":13,"minecraft:tuff":9,"gamma_beasts:oak_leaf":63,"minecraft:acacia_boat":1,"minecraft:dirt":2705,"minecraft:bone":44,"minecraft:acacia_planks":5,"minecraft:bow":1,"minecraft:orange_tulip":1,"minecraft:wheat_seeds":87,"minecraft:raw_gold":3,"minecraft:mossy_stone_bricks":1,"minecraft:fletching_table":12,"minecraft:oak_planks":72,"minecraft:cooked_porkchop":10,"butchersdelight:cow_hide":116,"minecraft:sand":158,"farmersdelight:ham":3,"butchersdelightfoods:beefribs":115,"minecraft:mossy_cobblestone":11,"eidolon:raw_lead":12,"minecraft:yellow_carpet":1,"minecraft:diamond":29,"minecraft:soul_lantern":1,"waystones:waystone":3,"minecraft:cherry_wood":3,"minecraft:crossbow":1,"minecraft:grass":1,"minecraft:golden_apple":2,"minecraft:spruce_sign":6,"minecraft:emerald":26,"minecraft:netherrack":126,"minecraft:oak_leaves":87,"minecraft:andesite_slab":52,"minecraft:charcoal":8,"endrem:magical_eye":1,"minecraft:allium":1,"minecraft:azure_bluet":3,"minecraft:brown_mushroom":36,"dynamictrees:spruce_seed":3,"minecraft:wooden_pickaxe":1,"minecraft:gold_block":9,"minecraft:shield":3,"ars_nouveau:amplify_arrow":26,"minecraft:moss_carpet":5,"minecraft:iron_axe":1,"minecraft:item_frame":14,"minecraft:blackstone":3,"knightsnmages:citrin_gem":17,"minecraft:candle":90,"improvableskills:scroll_normal":3,"minecraft:oak_boat":3,"minecraft:light_gray_wool":1,"minecraft:sugar_cane":10,"butchersdelightfoods:porkribs":3,"crittersandcompanions:clam":1,"iceandfire:ice_dragon_heart":1,"minecraft:raw_iron":18,"iceandfire:dragonbone":7,"minecraft:bowl":2,"minecraft:stone_button":2,"minecraft:dark_oak_planks":5,"minecraft:arrow":47,"minecraft:nether_bricks":3,"crittersandcompanions:silk":22,"minecraft:pink_tulip":7,"iceandfire:silver_axe":1,"minecraft:basalt":52,"minecraft:magenta_banner":1,"minecraft:leather":142,"iceandfire:silver_shovel":1,"gamma_beasts:green_apple":51,"iceandfire:ectoplasm":3,"minecraft:nether_wart_block":2,"minecraft:gunpowder":9,"minecraft:cooked_mutton":7,"minecraft:red_carpet":44,"minecraft:gray_carpet":14,"minecraft:acacia_trapdoor":12,"minecraft:rabbit_hide":6,"minecraft:iron_ingot":3,"minecraft:stripped_oak_wood":3,"minecraft:book":39,"minecraft:chiseled_stone_bricks":3,"minecraft:stone_brick_slab":2,"minecraft:brush":1,"minecraft:dandelion":17,"minecraft:raw_iron_block":1,"minecraft:white_bed":6,"minecraft:spider_eye":4,"dynamictrees:cherry_seed":15,"tombstone:magic_scroll":1,"minecraft:coal":76,"minecraft:sunflower":1},"minecraft:custom":{"minecraft:interact_with_crafting_table":105,"minecraft:open_barrel":59,"minecraft:eat_cake_slice":16,"minecraft:leave_game":27,"minecraft:time_since_death":324671,"minecraft:damage_blocked_by_shield":545,"minecraft:play_time":1837344,"minecraft:deaths":52,"minecraft:jump":24896,"minecraft:interact_with_furnace":182,"minecraft:traded_with_villager":175,"minecraft:sleep_in_bed":110,"minecraft:waystone_activated":4,"minecraft:damage_dealt":89379,"tombstone:undead_killed":56,"minecraft:interact_with_smithing_table":1,"minecraft:interact_with_anvil":17,"minecraft:sneak_time":60614,"minecraft:interact_with_lectern":1,"minecraft:total_world_time":1837344,"tombstone:raider_killed":43,"minecraft:interact_with_stonecutter":10,"minecraft:time_since_rest":1896,"tombstone:cast_on_ally":0,"minecraft:swim_one_cm":182062,"minecraft:fly_one_cm":5207023,"minecraft:open_chest":824,"minecraft:fall_one_cm":633386,"minecraft:animals_bred":149,"minecraft:damage_resisted":57,"minecraft:sprint_one_cm":6062344,"minecraft:drop":371,"minecraft:talked_to_villager":96,"minecraft:interact_with_brewingstand":18,"minecraft:walk_on_water_one_cm":191795,"minecraft:crouch_one_cm":101764,"minecraft:mob_kills":126,"minecraft:interact_with_campfire":13,"minecraft:climb_one_cm":19456,"minecraft:walk_one_cm":2582112,"minecraft:walk_under_water_one_cm":87921,"minecraft:damage_taken":30713,"minecraft:damage_absorbed":158,"minecraft:trigger_trapped_chest":5},"minecraft:dropped":{"minecraft:glass_bottle":12,"minecraft:dark_oak_slab":8,"gamma_beasts:acacia_leaf":1,"minecraft:crossbow":1,"minecraft:orange_tulip":1,"farmersdelight:cooked_bacon":2,"iceandfire:ectoplasm":3,"minecraft:red_carpet":1,"minecraft:emerald":2,"minecraft:dirt":29,"minecraft:grass":1,"minecraft:stone_button":8,"minecraft:sunflower":1,"minecraft:sand":3,"forbidden_arcanus:darkstone":3,"minecraft:dark_oak_planks":4,"minecraft:white_wool":1,"minecraft:stone_axe":1,"minecraft:iron_nugget":8,"minecraft:golden_chestplate":1,"alexsmobs:animal_dictionary":1,"minecraft:cobbled_deepslate":12,"minecraft:wheat":4,"minecraft:obsidian":1,"tombstone:gift":1,"minecraft:rotten_flesh":14,"minecraft:oak_planks":18,"minecraft:nether_brick_fence":4,"minecraft:azure_bluet":3,"minecraft:orange_banner":5,"improvableskills:scroll_normal":1,"minecraft:white_dye":2,"minecraft:stone_brick_stairs":3,"minecraft:iron_ingot":1,"minecraft:enchanted_book":1,"minecraft:wheat_seeds":72,"eidolon:silver_sword":1,"minecraft:cobblestone":104,"minecraft:book":2,"minecraft:apple":5,"minecraft:granite":24,"minecraft:spruce_button":4,"minecraft:coal":1,"minecraft:oxeye_daisy":3,"minecraft:rose_bush":6,"rpgsmw:class_choose_orb":1,"minecraft:potion":4,"minecraft:chainmail_leggings":1,"minecraft:paper":13,"minecraft:acacia_planks":11,"minecraft:gray_carpet":12,"minecraft:stone_brick_slab":1,"minecraft:pink_tulip":1,"forbidden_arcanus:edelwood_water_bucket":1,"minecraft:moss_carpet":5,"minecraft:bowl":1,"minecraft:deepslate":3,"minecraft:shears":1,"minecraft:potato":26,"minecraft:allium":1,"iceandfire:frozen_splinters":2,"minecraft:spruce_planks":2,"minecraft:bundle":2,"minecraft:stone_bricks":10,"minecraft:spider_eye":2,"minecraft:bow":1,"minecraft:red_tulip":4,"minecraft:magma_block":2,"minecraft:spruce_sign":7,"minecraft:oak_log":64,"minecraft:loom":1,"dynamictrees:spruce_seed":3,"minecraft:cornflower":3,"minecraft:crimson_roots":1,"minecraft:snowball":4,"farmersdelight:onion":4,"minecraft:stripped_oak_wood":1,"minecraft:gravel":13,"minecraft:white_tulip":2,"dynamictrees:oak_seed":3,"minecraft:andesite_slab":20,"iceandfire:silver_shovel":1,"minecraft:carrot":183,"patchouli:guide_book":2,"minecraft:chiseled_stone_bricks":1,"minecraft:poppy":4,"minecraft:chainmail_boots":1,"minecraft:arrow":3,"minecraft:water_bucket":2,"minecraft:bread":12,"gamma_beasts:oak_leaf":50,"minecraft:mossy_cobblestone":15,"gamma_beasts:coal_nugget":7,"minecraft:lead":2,"delightful:green_tea_leaf":47,"delightful:mini_melon":1,"minecraft:stick":98,"ars_nouveau:worn_notebook":1,"butchersdelight:skullcow":113,"illagerinvasion:platinum_chunk":2,"minecraft:diorite":14,"tombstone:grave_key":4,"minecraft:nether_wart_block":2,"tombstone:grave_dust":12,"minecraft:stonecutter":1,"minecraft:pink_petals":89,"minecraft:dandelion":10,"minecraft:coarse_dirt":3,"minecraft:raw_copper":4,"minecraft:tuff":8,"minecraft:raw_iron":3,"minecraft:light_gray_wool":1,"minecraft:yellow_candle":6,"minecraft:acacia_leaves":2,"relics:magic_mirror":2,"minecraft:shield":2,"iceandfire:copper_sword":2,"minecraft:andesite":67,"minecraft:golden_sword":1,"minecraft:spruce_log":1,"minecraft:stone_pickaxe":1,"minecraft:wooden_pickaxe":5},"minecraft:mined":{"minecraft:dark_oak_planks":5,"minecraft:polished_granite_slab":1,"minecraft:white_bed":6,"gamma_beasts:spider_egg":1,"minecraft:obsidian":15,"minecraft:granite":31,"minecraft:yellow_carpet":1,"minecraft:chiseled_stone_bricks":3,"epicsamurai:deepslate_jade_ore":2,"minecraft:magma_block":1,"minecraft:fire":26,"minecraft:moss_carpet":11,"minecraft:fletching_table":12,"minecraft:cave_vines":1,"iceandfire:gold_pile":1,"minecraft:dirt_path":2,"minecraft:oak_stairs":4,"minecraft:green_carpet":1,"minecraft:brown_mushroom":36,"minecraft:crimson_nylium":7,"minecraft:torch":24,"celestisynth:wintereis":1,"gamma_beasts:thin_spruce_log":6,"minecraft:glass":1,"minecraft:sugar_cane":3,"forbidden_arcanus:darkstone":3,"minecraft:mud":1,"minecraft:stone_brick_stairs":11,"minecraft:grass":299,"delightful:mini_melon":1,"minecraft:loom":1,"minecraft:stonecutter":1,"minecraft:piston":10,"minecraft:deepslate":109,"eidolon:deep_silver_ore":6,"iceandfire:silver_ore":1,"minecraft:mossy_cobblestone":15,"farmersdelight:wild_carrots":1,"minecraft:nether_bricks":3,"minecraft:dark_oak_fence":22,"minecraft:cherry_wood":3,"dynamictrees:oak_leaves":48,"farmersdelight:wild_onions":2,"forbidden_arcanus:deepslate_arcane_crystal_ore":5,"minecraft:acacia_trapdoor":13,"minecraft:andesite":82,"dynamictrees:spruce_leaves":18,"minecraft:cobblestone_slab":2,"minecraft:vine":3,"minecraft:stone_brick_slab":2,"minecraft:dandelion":10,"minecraft:cornflower":2,"dynamictrees:acacia_leaves":1,"minecraft:campfire":4,"minecraft:copper_ore":1,"minecraft:tall_grass":40,"minecraft:deepslate_gold_ore":3,"minecraft:diorite":14,"minecraft:coarse_dirt":3,"minecraft:stripped_spruce_wood":1,"minecraft:spruce_log":4,"minecraft:sunflower":1,"minecraft:gravel":278,"minecraft:cobweb":12,"minecraft:acacia_planks":2,"minecraft:stone_bricks":200,"minecraft:fern":2,"minecraft:spruce_planks":7,"gamma_beasts:roble_hoja_1":14,"minecraft:farmland":1,"gamma_beasts:thin_acacia_log":23,"minecraft:brewing_stand":6,"minecraft:cave_vines_plant":1,"cataclysm:stone_pillar":21,"minecraft:grass_block":2213,"knightsnmages:deepslate_citrin_ore":17,"minecraft:glowstone":23,"minecraft:iron_ore":12,"minecraft:anvil":1,"minecraft:azure_bluet":1,"epicsamurai:deepslate_silver_ore":8,"dynamictrees:crimson_wart":3,"knightsnmages:deepslate_moonlight_ore":5,"minecraft:green_bed":36,"minecraft:blackstone":3,"minecraft:magenta_wall_banner":1,"iceandfire:dragon_ice_spikes":142,"minecraft:poppy":2,"minecraft:chest":1,"minecraft:cobblestone":24,"minecraft:oak_planks":16,"minecraft:wall_torch":28,"minecraft:pink_petals":3,"minecraft:dark_oak_slab":8,"eidolon:deep_lead_ore":12,"minecraft:stripped_oak_wood":2,"minecraft:oak_log":126,"minecraft:dirt":474,"minecraft:sand":156,"minecraft:netherrack":132,"minecraft:oak_leaves":39,"minecraft:diamond_ore":6,"minecraft:red_carpet":5,"minecraft:tuff":5,"rpgsmw:miphrildeepslateore":7,"minecraft:deepslate_diamond_ore":18,"minecraft:candle":37,"gamma_beasts:roblo_hoja":4,"epicsamurai:deepslate_ruby_ore":1,"eidolon:silver_ore":5,"minecraft:yellow_candle":2,"minecraft:decorated_pot":2,"cataclysm:chiseled_stone_brick_pillar":36,"iceandfire:frozen_splinters":9,"minecraft:hay_block":20,"minecraft:carrots":100,"gamma_beasts:prehnite_ore":1,"minecraft:gold_block":9,"minecraft:nether_brick_fence":2,"minecraft:bookshelf":12,"minecraft:lantern":7,"crittersandcompanions:silk_cocoon":3,"minecraft:stone":1150,"minecraft:basalt":53,"travelersbackpack:standard":17,"epicsamurai:deepslate_aquamarine_ore":9,"gamma_beasts:acacia_hoja_1":1,"minecraft:oak_fence":2,"minecraft:crafting_table":2,"minecraft:andesite_slab":25,"minecraft:stone_slab":54,"minecraft:deepslate_coal_ore":8,"gamma_beasts:deepslate_prehnite_ore":25,"butchersdelight:deadcowblock":1,"forbidden_arcanus:xpetrified_ore":2,"rpgsmw:mineral_ore":7,"minecraft:sweet_berry_bush":2,"minecraft:ice":1,"minecraft:bee_nest":1,"gamma_beasts:thin_oak_log":40,"minecraft:coal_ore":58,"minecraft:cracked_stone_bricks":8,"dynamictrees:oak_sapling":6,"minecraft:mossy_stone_bricks":1,"forbidden_arcanus:runic_deepslate":3},"minecraft:used":{"iceandfire:dragon_skull_ice":3,"minecraft:chest":4,"minecraft:rotten_flesh":3,"minecraft:spruce_boat":1,"minecraft:lava_bucket":10,"minecraft:stone_brick_stairs":5,"delightful:green_tea_leaf":1,"minecraft:bow":959,"minecraft:sweet_berries":13,"eidolon:silver_chestplate":1,"minecraft:egg":3,"minecraft:potato":2,"forbidden_arcanus:edelwood_bucket":6,"eidolon:silver_shovel":82,"minecraft:mossy_stone_bricks":1,"minecraft:acacia_trapdoor":20,"minecraft:blackstone":3,"minecraft:wooden_pickaxe":83,"rpgsmw:miphril_greatsword":1372,"minecraft:composter":1,"minecraft:oak_leaves":31,"butchersdelight:skullcow":3,"minecraft:sand":1,"rpgsmw:miphril_axe":27,"relics:horse_flute":6,"dynamictrees:acacia_seed":5,"minecraft:soul_lantern":1,"minecraft:oak_boat":4,"minecraft:oak_trapdoor":5,"toughasnails:leaf_helmet":1,"minecraft:cooked_salmon":6,"minecraft:netherrack":105,"minecraft:torch":95,"minecraft:brewing_stand":4,"minecraft:anvil":1,"minecraft:polished_granite_slab":1,"minecraft:iron_axe":21,"minecraft:spruce_button":1,"minecraft:basalt":52,"rpgsmw:miphril_pickaxe":677,"tombstone:gift":6,"minecraft:cobbled_deepslate":37,"minecraft:acacia_planks":6,"minecraft:water_bucket":345,"tombstone:scroll_of_reach":1,"minecraft:cherry_planks":4,"minecraft:fletching_table":20,"forbidden_arcanus:edelwood_water_bucket":5,"cataclysm:stone_pillar":21,"minecraft:oak_slab":2,"minecraft:crafting_table":11,"minecraft:campfire":1,"minecraft:white_bed":6,"minecraft:cake":1,"minecraft:oak_log":190,"minecraft:mud":1,"minecraft:diamond_pickaxe":1467,"minecraft:iron_pickaxe":16,"toughasnails:leaf_chestplate":2,"minecraft:chiseled_stone_bricks":2,"farmersdelight:cooked_bacon":2,"minecraft:cobblestone":269,"minecraft:potion":35,"minecraft:orange_banner":2,"travelersbackpack:standard":1,"minecraft:cooked_porkchop":11,"toughasnails:purified_water_canteen":294,"minecraft:dandelion":7,"minecraft:diamond_leggings":5,"minecraft:diamond_hoe":84,"minecraft:decorated_pot":1,"minecraft:shield":25,"minecraft:iron_sword":1,"minecraft:iron_chestplate":4,"butchersdelightfoods:cookedbeefribs":1,"minecraft:nether_bricks":3,"minecraft:carrot":411,"minecraft:tuff":1,"minecraft:milk_bucket":1,"minecraft:obsidian":10,"minecraft:glass":147,"minecraft:lantern":12,"iceandfire:armor_silver_metal_leggings":9,"minecraft:stone_bricks":322,"minecraft:item_frame":12,"minecraft:red_carpet":43,"minecraft:gray_carpet":2,"minecraft:stone_pickaxe":199,"minecraft:oak_planks":145,"minecraft:ender_pearl":1,"cataclysm:chiseled_stone_brick_pillar":38,"toughasnails:water_canteen":521,"minecraft:white_wool":1,"minecraft:mushroom_stew":3,"iceandfire:silver_axe":370,"minecraft:shears":88,"waystones:waystone":3,"minecraft:lever":12,"minecraft:melon_slice":3,"minecraft:bread":427,"tombstone:grave_key":1,"minecraft:gravel":203,"tombstone:familiar_stone":2,"rpgsmw:miphril_shovel":697,"iceandfire:dragon_skull_fire":3,"forbidden_arcanus:splash_aureal_bottle":1,"minecraft:chainmail_boots":1,"minecraft:deepslate_coal_ore":8,"minecraft:air":4,"minecraft:bone_meal":234,"minecraft:experience_bottle":6,"minecraft:oak_fence":4,"minecraft:cherry_wood":2,"minecraft:flint_and_steel":10,"minecraft:redstone":24,"minecraft:spruce_planks":23,"gamma_beasts:green_apple":1,"dynamictrees:oak_seed":88,"minecraft:cooked_chicken":8,"minecraft:dirt":450,"toughasnails:empty_canteen":106,"minecraft:spruce_stairs":2,"eidolon:silver_sword":383,"minecraft:stone_brick_slab":1,"minecraft:dark_oak_planks":1,"minecraft:oak_stairs":24,"minecraft:iron_boots":1,"minecraft:cooked_beef":26,"minecraft:enchanted_golden_apple":1,"minecraft:cooked_mutton":7,"minecraft:acacia_boat":8,"toughasnails:leaf_leggings":6,"minecraft:pink_tulip":6,"minecraft:glass_bottle":32,"minecraft:stonecutter":1,"minecraft:green_bed":35,"minecraft:cobblestone_slab":2,"minecraft:piston":22,"minecraft:apple":3,"iceandfire:armor_silver_boots":1,"minecraft:stone_axe":1,"minecraft:magenta_banner":1,"minecraft:bucket":355,"iceandfire:silver_shovel":2379,"minecraft:splash_potion":3},"minecraft:killed_by":{"minecraft:vex":2,"alexsmobs:crimson_mosquito":1},"minecraft:crafted":{"iceandfire:silver_shovel":5,"minecraft:lever":12,"butchersdelightfoods:cooked_leg_cow":49,"minecraft:glass":155,"eidolon:silver_chestplate":2,"rpgsmw:steelrainforcedstick":6,"eidolon:silver_helmet":1,"iceandfire:silver_axe":1,"epicsamurai:red_samurai_chestplate_light":1,"minecraft:glass_bottle":6,"minecraft:emerald":158,"minecraft:cooked_porkchop":11,"rpgsmw:miphrilignot":22,"minecraft:fletching_table":8,"minecraft:campfire":1,"minecraft:iron_block":3,"minecraft:gold_ingot":95,"minecraft:composter":1,"minecraft:bone_meal":234,"butchersdelightfoods:cookedbeefribs":49,"epicsamurai:red_samurai_leggings_light":1,"rpgsmw:miphril_pickaxe":1,"minecraft:ender_pearl":3,"minecraft:stone_pickaxe":2,"minecraft:spruce_boat":1,"minecraft:dark_oak_planks":12,"minecraft:wheat":981,"rpgsmw:steel":14,"minecraft:acacia_trapdoor":8,"minecraft:glowstone":16,"butchersdelightfoods:coockedbeeftenderloin":47,"minecraft:golden_apple":2,"minecraft:oak_stairs":24,"eidolon:silver_sword":2,"minecraft:oak_planks":512,"iceandfire:armor_silver_boots":2,"minecraft:melon_slice":3,"butchersdelightfoods:cooked_ham":3,"minecraft:stone":553,"toughasnails:leaf_leggings":3,"improvableskills:skills_book":1,"iceandfire:armor_silver_metal_leggings":1,"butchersdelightfoods:cookedporkribs":3,"tombstone:grave_key":4,"minecraft:chest":4,"toughasnails:leaf_helmet":2,"eidolon:silver_ingot":19,"epicsamurai:red_samurai_boots_light":1,"minecraft:oak_slab":78,"minecraft:arrow":384,"minecraft:crafting_table":9,"minecraft:spruce_planks":68,"minecraft:wooden_pickaxe":4,"minecraft:gold_block":9,"butchersdelight:cleaver":2,"eidolon:lead_ingot":21,"minecraft:paper":3,"rpgsmw:miphril_shovel":1,"minecraft:stick":96,"minecraft:iron_ingot":9,"rpgsmw:miphrilblock":1,"toughasnails:empty_canteen":1,"minecraft:cherry_planks":4,"minecraft:coal":81,"minecraft:raw_iron":9,"minecraft:redstone":70,"minecraft:piston":12,"minecraft:oak_trapdoor":6,"minecraft:flint_and_steel":1,"minecraft:leather":2,"minecraft:cooked_beef":49,"rpgsmw:miphril_axe":1,"iceandfire:silver_ingot":10,"toughasnails:leaf_chestplate":3,"minecraft:stone_axe":1,"minecraft:bread":284,"minecraft:acacia_boat":7,"minecraft:air":0,"minecraft:oak_boat":2,"epicsamurai:red_samurai_helmet_light":1,"rpgsmw:miphril_greatsword":1,"minecraft:stonecutter":1,"minecraft:anvil":1,"minecraft:acacia_planks":78,"minecraft:torch":72,"butchersdelightfoods:cookedporkloin":3,"minecraft:lapis_lazuli":21,"iceandfire:armor_silver_helmet":1}},"DataVersion":3465}