{"stats":{"minecraft:custom":{"minecraft:interact_with_crafting_table":186,"minecraft:open_barrel":61,"minecraft:eat_cake_slice":16,"minecraft:leave_game":33,"minecraft:time_since_death":21961,"minecraft:damage_blocked_by_shield":545,"minecraft:play_time":2427101,"minecraft:deaths":64,"minecraft:jump":35527,"minecraft:enchant_item":4,"minecraft:interact_with_furnace":227,"minecraft:traded_with_villager":178,"minecraft:sleep_in_bed":159,"minecraft:waystone_activated":4,"minecraft:damage_dealt":97038,"tombstone:undead_killed":67,"minecraft:interact_with_smithing_table":1,"minecraft:interact_with_anvil":21,"minecraft:sneak_time":85962,"minecraft:interact_with_lectern":1,"minecraft:total_world_time":2427101,"tombstone:raider_killed":45,"minecraft:interact_with_stonecutter":19,"minecraft:time_since_rest":8729,"tombstone:cast_on_ally":0,"minecraft:swim_one_cm":218208,"minecraft:fly_one_cm":7822872,"minecraft:open_chest":1085,"minecraft:fall_one_cm":901913,"minecraft:animals_bred":149,"minecraft:damage_resisted":57,"minecraft:sprint_one_cm":8663091,"minecraft:drop":649,"minecraft:talked_to_villager":157,"minecraft:interact_with_brewingstand":21,"minecraft:walk_on_water_one_cm":225532,"minecraft:crouch_one_cm":182327,"minecraft:mob_kills":151,"minecraft:interact_with_campfire":13,"minecraft:climb_one_cm":27417,"minecraft:walk_one_cm":3460642,"minecraft:walk_under_water_one_cm":93326,"minecraft:pot_flower":1,"minecraft:damage_taken":37658,"minecraft:damage_absorbed":158,"minecraft:trigger_trapped_chest":5},"minecraft:dropped":{"minecraft:glass_bottle":12,"minecraft:dark_oak_slab":8,"minecraft:orange_tulip":1,"gamma_beasts:acacia_leaf":1,"minecraft:crossbow":1,"farmersdelight:cooked_bacon":2,"improvableskills:parchment_fragment":1,"iceandfire:ectoplasm":3,"minecraft:red_carpet":1,"minecraft:emerald":2,"minecraft:dirt":688,"minecraft:grass":1,"minecraft:stone_button":8,"butchersdelightfoods:legcow":5,"irons_spellbooks:arcane_essence":44,"minecraft:writable_book":1,"minecraft:sunflower":1,"minecraft:sand":3,"forbidden_arcanus:darkstone":3,"minecraft:dark_oak_planks":4,"minecraft:white_wool":1,"minecraft:bone":2,"minecraft:stone_axe":1,"minecraft:iron_nugget":8,"minecraft:golden_chestplate":1,"alexsmobs:animal_dictionary":1,"minecraft:cobbled_deepslate":12,"alexscaves:cave_tablet":2,"minecraft:wheat":4,"minecraft:obsidian":1,"tombstone:gift":1,"minecraft:rotten_flesh":17,"minecraft:oak_planks":18,"minecraft:nether_brick_fence":4,"minecraft:azure_bluet":3,"minecraft:orange_banner":5,"minecraft:acacia_sapling":1,"tombstone:scroll_of_knowledge":2,"improvableskills:scroll_normal":1,"minecraft:white_dye":2,"minecraft:stone_brick_stairs":3,"farmersdelight:tomato_seeds":4,"minecraft:enchanted_book":1,"minecraft:iron_ingot":1,"toughasnails:water_canteen":1,"minecraft:wheat_seeds":89,"eidolon:silver_sword":1,"minecraft:cobblestone":104,"minecraft:book":72,"minecraft:apple":5,"minecraft:granite":27,"minecraft:spruce_button":4,"minecraft:coal":1,"minecraft:oxeye_daisy":3,"minecraft:rose_bush":6,"rpgsmw:class_choose_orb":1,"minecraft:potion":7,"toughasnails:leaf_leggings":1,"iceandfire:dragonscales_white":6,"minecraft:paper":13,"minecraft:chainmail_leggings":1,"minecraft:string":2,"minecraft:acacia_planks":12,"minecraft:gray_carpet":12,"ars_nouveau:caster_tome":5,"minecraft:stone_brick_slab":3,"minecraft:pink_tulip":1,"forbidden_arcanus:edelwood_water_bucket":1,"minecraft:moss_carpet":5,"minecraft:cobblestone_wall":33,"minecraft:bowl":1,"minecraft:deepslate":10,"minecraft:name_tag":5,"minecraft:shears":1,"minecraft:potato":33,"minecraft:stone":253,"minecraft:allium":1,"iceandfire:frozen_splinters":6,"minecraft:bundle":3,"minecraft:spruce_planks":95,"minecraft:stone_bricks":10,"minecraft:spider_eye":2,"minecraft:bow":1,"minecraft:red_tulip":4,"minecraft:magma_block":2,"minecraft:vex_armor_trim_smithing_template":4,"minecraft:spruce_sign":7,"forbidden_arcanus:cloth":2,"minecraft:birch_planks":4,"minecraft:oak_log":274,"epicsamurai:red_samurai_chestplate_light":1,"irons_spellbooks:lightning_bottle":2,"minecraft:loom":1,"minecraft:jungle_planks":320,"relics:horse_flute":2,"dynamictrees:spruce_seed":18,"minecraft:host_armor_trim_smithing_template":1,"minecraft:brush":2,"minecraft:cornflower":3,"minecraft:crimson_roots":1,"minecraft:snowball":4,"ars_nouveau:ritual_moonfall":2,"farmersdelight:onion":4,"minecraft:stripped_oak_wood":1,"minecraft:gravel":13,"minecraft:white_tulip":2,"dynamictrees:oak_seed":8,"minecraft:andesite_slab":20,"iceandfire:silver_shovel":1,"minecraft:carrot":183,"gamma_beasts:thin_oak_log":6,"patchouli:guide_book":2,"minecraft:chiseled_stone_bricks":1,"minecraft:poppy":4,"minecraft:chest":14,"minecraft:chainmail_boots":1,"rpgsmw:miphril_greatsword":1,"minecraft:arrow":3,"minecraft:oak_leaves":4,"minecraft:netherrack":21,"minecraft:water_bucket":4,"minecraft:bread":15,"gamma_beasts:oak_leaf":54,"minecraft:mossy_cobblestone":15,"gamma_beasts:coal_nugget":7,"minecraft:lead":6,"delightful:green_tea_leaf":133,"delightful:mini_melon":1,"minecraft:spruce_stairs":2,"minecraft:stick":1025,"irons_spellbooks:scroll":15,"ars_nouveau:worn_notebook":1,"butchersdelight:skullcow":113,"illagerinvasion:platinum_chunk":2,"minecraft:diorite":14,"farmersdelight:cooking_pot":1,"tombstone:grave_key":4,"minecraft:nether_wart_block":2,"toughasnails:leaf_boots":1,"forbidden_arcanus:spawner_scrap":1,"tombstone:grave_dust":15,"iceandfire:ice_dragon_heart":1,"minecraft:stonecutter":1,"minecraft:pink_petals":89,"iceandfire:dragonbone":1,"minecraft:dandelion":10,"toughasnails:leaf_chestplate":1,"minecraft:coarse_dirt":3,"minecraft:raw_copper":4,"minecraft:tuff":8,"minecraft:raw_iron":3,"minecraft:tall_grass":1,"minecraft:light_gray_wool":1,"minecraft:yellow_candle":6,"minecraft:totem_of_undying":2,"minecraft:acacia_leaves":2,"minecraft:glass_pane":16,"relics:magic_mirror":2,"iceandfire:copper_sword":2,"minecraft:shield":2,"minecraft:andesite":131,"minecraft:golden_sword":1,"minecraft:spruce_log":40,"iceandfire:fire_dragon_heart":1,"minecraft:stone_pickaxe":1,"minecraft:wooden_pickaxe":5},"minecraft:killed":{"illagerinvasion:archivist":6,"illagerinvasion:basher":4,"minecraft:skeleton":32,"minecraft:pillager":8,"minecraft:zombie":20,"gamma_beasts:spider_a":1,"minecraft:evoker":2,"minecraft:vindicator":10,"illagerinvasion:marauder":7,"minecraft:horse":2,"eidolon:wraith":5,"graveyard:ghoul":1,"iceandfire:cyclops":1,"endermanoverhaul:cave_enderman":1,"iceandfire:ghost":5,"iceandfire:ice_dragon":2,"minecraft:witch":1,"minecraft:spider":6,"illagerinvasion:provoker":2,"minecraft:illusioner":1,"irons_spellbooks:summoned_skeleton":1,"gamma_beasts:diamond_golem_c":3,"minecraft:piglin":1,"minecraft:zombie_villager":1,"alexsmobs:stradpole":2,"illagerinvasion:alchemist":3,"minecraft:creeper":2,"alexsmobs:crimson_mosquito":3,"eidolon:zombie_brute":1,"alexsmobs:fly":1,"crittersandcompanions:koi_fish":1,"minecraft:vex":2,"irons_spellbooks:summoned_zombie":1,"gamma_beasts:spider_c":1,"naturalist:butterfly":1,"gamma_beasts:diamond_golem_a":3,"ars_nouveau:whirlisprig":1},"minecraft:crafted":{"iceandfire:silver_shovel":5,"minecraft:lever":12,"travelersbackpack:diamond":1,"minecraft:bookshelf":24,"butchersdelightfoods:cooked_leg_cow":113,"minecraft:glass":155,"eidolon:silver_chestplate":2,"rpgsmw:steelrainforcedstick":6,"eidolon:silver_helmet":1,"iceandfire:silver_axe":1,"epicsamurai:red_samurai_chestplate_light":1,"minecraft:glass_bottle":6,"toms_storage:ts.crafting_terminal":1,"minecraft:emerald":158,"minecraft:cooked_porkchop":11,"rpgsmw:miphrilignot":22,"minecraft:fletching_table":8,"minecraft:campfire":39,"minecraft:lectern":3,"minecraft:iron_block":3,"minecraft:gold_ingot":95,"minecraft:composter":1,"minecraft:spruce_fence_gate":31,"minecraft:bone_meal":234,"minecraft:spruce_fence":78,"butchersdelightfoods:cookedbeefribs":113,"minecraft:diamond":9,"minecraft:spruce_stairs":180,"epicsamurai:red_samurai_leggings_light":1,"rpgsmw:miphril_pickaxe":1,"minecraft:ender_pearl":3,"minecraft:stone_pickaxe":2,"minecraft:spruce_boat":1,"toms_storage:ts.inventory_connector":1,"minecraft:dark_oak_planks":96,"minecraft:wheat":981,"minecraft:enchanting_table":1,"rpgsmw:steel":14,"minecraft:acacia_trapdoor":8,"minecraft:glowstone":16,"minecraft:enchanted_book":2,"butchersdelightfoods:coockedbeeftenderloin":115,"minecraft:golden_apple":2,"minecraft:oak_stairs":72,"eidolon:silver_sword":2,"minecraft:oak_planks":2492,"iceandfire:armor_silver_boots":2,"minecraft:melon_slice":6,"butchersdelightfoods:cooked_ham":3,"minecraft:stone":717,"toughasnails:leaf_leggings":5,"minecraft:stone_brick_slab":22,"improvableskills:skills_book":1,"iceandfire:armor_silver_metal_leggings":1,"tombstone:grave_key":4,"butchersdelightfoods:cookedporkribs":3,"toms_storage:ts.storage_terminal":1,"minecraft:comparator":3,"minecraft:chest":354,"toughasnails:leaf_helmet":2,"eidolon:silver_ingot":19,"minecraft:stone_bricks":24,"epicsamurai:red_samurai_boots_light":1,"toughasnails:leaf_boots":2,"minecraft:oak_slab":78,"minecraft:arrow":384,"minecraft:crafting_table":14,"minecraft:spruce_planks":1208,"minecraft:wooden_pickaxe":4,"minecraft:gold_block":9,"butchersdelight:cleaver":2,"minecraft:birch_planks":52,"minecraft:spruce_trapdoor":18,"eidolon:lead_ingot":21,"minecraft:paper":3,"minecraft:charcoal":31,"rpgsmw:miphril_shovel":1,"minecraft:stick":96,"minecraft:iron_ingot":9,"minecraft:redstone_torch":9,"minecraft:dark_oak_fence_gate":14,"rpgsmw:miphrilblock":1,"toughasnails:empty_canteen":1,"minecraft:cherry_planks":96,"minecraft:coal":108,"minecraft:raw_iron":9,"minecraft:redstone":72,"minecraft:spruce_button":16,"minecraft:piston":12,"minecraft:glass_pane":32,"minecraft:oak_trapdoor":6,"minecraft:flint_and_steel":1,"minecraft:leather":2,"minecraft:cobblestone_wall":6,"minecraft:cooked_beef":118,"rpgsmw:miphril_axe":1,"iceandfire:silver_ingot":10,"toughasnails:leaf_chestplate":4,"minecraft:stone_axe":1,"minecraft:acacia_boat":7,"minecraft:bread":284,"minecraft:air":0,"minecraft:jungle_planks":512,"minecraft:oak_boat":2,"epicsamurai:red_samurai_helmet_light":1,"rpgsmw:miphril_greatsword":1,"minecraft:stonecutter":1,"minecraft:anvil":1,"minecraft:acacia_planks":218,"minecraft:torch":72,"butchersdelightfoods:cookedporkloin":3,"minecraft:lapis_lazuli":21,"iceandfire:armor_silver_helmet":1},"minecraft:killed_by":{"gamma_beasts:diamond_golem_a":1,"minecraft:vex":2,"alexsmobs:crimson_mosquito":1},"minecraft:used":{"iceandfire:dragon_skull_ice":5,"minecraft:chest":431,"minecraft:stone":1,"travelersbackpack:diamond":6,"minecraft:rotten_flesh":3,"minecraft:spruce_boat":1,"minecraft:lava_bucket":10,"epicsamurai:red_samurai_boots_light":1,"minecraft:stone_brick_stairs":75,"delightful:green_tea_leaf":1,"minecraft:bow":1424,"minecraft:sweet_berries":13,"eidolon:silver_chestplate":1,"minecraft:furnace":4,"minecraft:egg":3,"minecraft:potato":2,"forbidden_arcanus:edelwood_bucket":6,"eidolon:silver_shovel":82,"minecraft:mossy_stone_bricks":1,"butchersdelightfoods:coockedbeeftenderloin":1,"minecraft:acacia_trapdoor":20,"toms_storage:ts.inventory_connector":2,"minecraft:blackstone":3,"minecraft:wooden_pickaxe":83,"rpgsmw:miphril_greatsword":1468,"minecraft:composter":1,"minecraft:oak_leaves":87,"butchersdelight:skullcow":3,"minecraft:sand":1,"rpgsmw:miphril_axe":557,"relics:horse_flute":6,"minecraft:stone_button":1,"minecraft:lectern":27,"dynamictrees:acacia_seed":5,"minecraft:soul_lantern":1,"minecraft:oak_boat":4,"minecraft:oak_trapdoor":7,"minecraft:enchanting_table":1,"toughasnails:leaf_helmet":1,"toughasnails:water_purifier":1,"minecraft:cooked_salmon":6,"minecraft:netherrack":105,"minecraft:torch":134,"minecraft:brewing_stand":5,"minecraft:anvil":5,"toms_storage:ts.crafting_terminal":2,"minecraft:polished_granite_slab":1,"minecraft:iron_axe":21,"minecraft:spruce_button":18,"minecraft:basalt":52,"rpgsmw:miphril_pickaxe":779,"tombstone:gift":6,"minecraft:acacia_planks":6,"minecraft:cobbled_deepslate":37,"minecraft:water_bucket":472,"tombstone:scroll_of_reach":1,"minecraft:cherry_planks":4,"minecraft:fletching_table":20,"minecraft:spruce_fence_gate":32,"forbidden_arcanus:edelwood_water_bucket":5,"cataclysm:stone_pillar":21,"minecraft:crafting_table":15,"minecraft:oak_slab":27,"minecraft:white_bed":11,"minecraft:campfire":39,"minecraft:dark_oak_fence_gate":21,"minecraft:cake":1,"minecraft:oak_log":469,"minecraft:mud":1,"minecraft:diamond_pickaxe":1467,"minecraft:iron_pickaxe":55,"minecraft:spruce_trapdoor":18,"toughasnails:leaf_chestplate":4,"minecraft:chiseled_stone_bricks":2,"farmersdelight:cooked_bacon":2,"travelersbackpack:standard":2,"minecraft:potion":35,"minecraft:cobblestone":269,"minecraft:orange_banner":2,"minecraft:cooked_porkchop":11,"toughasnails:purified_water_canteen":376,"minecraft:glass_pane":20,"minecraft:dandelion":7,"minecraft:diamond_leggings":5,"minecraft:diamond_hoe":85,"minecraft:decorated_pot":1,"minecraft:shield":25,"minecraft:iron_sword":1,"minecraft:iron_chestplate":4,"butchersdelightfoods:cookedbeefribs":1,"minecraft:nether_bricks":3,"minecraft:carrot":411,"minecraft:tuff":1,"minecraft:milk_bucket":1,"minecraft:obsidian":10,"minecraft:glass":147,"minecraft:lantern":13,"iceandfire:armor_silver_metal_leggings":9,"minecraft:stone_bricks":324,"minecraft:item_frame":12,"minecraft:red_carpet":43,"dynamictrees:spruce_seed":28,"minecraft:stone_pickaxe":199,"minecraft:gray_carpet":2,"minecraft:oak_planks":262,"minecraft:ender_pearl":1,"minecraft:sugar_cane":10,"cataclysm:chiseled_stone_brick_pillar":39,"toughasnails:water_canteen":693,"minecraft:white_wool":1,"minecraft:mushroom_stew":3,"iceandfire:silver_axe":370,"minecraft:shears":187,"waystones:waystone":3,"minecraft:lever":12,"minecraft:melon_slice":6,"minecraft:bread":427,"tombstone:grave_key":1,"minecraft:gravel":203,"iceandfire:dragon_skull_fire":3,"tombstone:familiar_stone":2,"forbidden_arcanus:splash_aureal_bottle":1,"rpgsmw:miphril_shovel":1723,"minecraft:chainmail_boots":1,"minecraft:deepslate_coal_ore":8,"minecraft:air":4,"minecraft:bone_meal":234,"minecraft:experience_bottle":6,"minecraft:oak_fence":4,"minecraft:cherry_wood":2,"minecraft:flint_and_steel":13,"minecraft:redstone":24,"minecraft:spruce_planks":583,"gamma_beasts:green_apple":1,"dynamictrees:oak_seed":102,"minecraft:cooked_chicken":8,"minecraft:dirt":1056,"toughasnails:empty_canteen":142,"minecraft:spruce_stairs":189,"minecraft:cobblestone_wall":24,"eidolon:silver_sword":383,"minecraft:spruce_fence":86,"minecraft:stone_brick_slab":33,"minecraft:dark_oak_planks":2,"minecraft:bookshelf":21,"minecraft:oak_stairs":74,"dynamictrees:birch_seed":3,"minecraft:iron_boots":1,"epicsamurai:red_samurai_helmet_light":1,"minecraft:cooked_beef":114,"minecraft:enchanted_golden_apple":1,"minecraft:cooked_mutton":7,"minecraft:acacia_boat":8,"toughasnails:leaf_leggings":6,"minecraft:pink_tulip":6,"minecraft:glass_bottle":32,"minecraft:green_bed":37,"minecraft:stonecutter":3,"minecraft:cobblestone_slab":2,"bosses_of_mass_destruction:soul_star":6,"minecraft:piston":22,"minecraft:apple":3,"iceandfire:armor_silver_boots":1,"minecraft:stone_axe":1,"minecraft:magenta_banner":1,"minecraft:bucket":483,"iceandfire:silver_shovel":2379,"minecraft:splash_potion":3},"minecraft:picked_up":{"gamma_beasts:thin_oak_log":72,"minecraft:iron_chestplate":2,"butchersdelightfoods:legcow":121,"rpgsmw:miphrilignot":9,"minecraft:anvil":4,"minecraft:lead":8,"minecraft:stone_slab":216,"minecraft:diamond_sword":1,"minecraft:oak_stairs":4,"butchersdelightfoods:cooked_ham":3,"minecraft:wither_rose":28,"minecraft:enchanted_book":2,"minecraft:brewing_stand":7,"minecraft:golden_sword":1,"forbidden_arcanus:xpetrified_orb":4,"minecraft:string":35,"relics:magic_mirror":3,"minecraft:cooked_salmon":3,"minecraft:cobbled_deepslate":172,"bosses_of_mass_destruction:soul_star":7,"minecraft:spruce_planks":212,"rpgsmw:rawmiphrilignot":7,"minecraft:enchanted_golden_apple":2,"minecraft:coal_block":3,"minecraft:green_bed":39,"minecraft:acacia_log":8,"minecraft:cherry_log":23,"celestisynth:wintereis_shard":8,"eidolon:silver_sword":2,"minecraft:vex_armor_trim_smithing_template":5,"relics:horse_flute":2,"toms_storage:ts.inventory_connector":1,"iceandfire:fire_dragon_heart":1,"minecraft:red_tulip":4,"minecraft:glowstone":15,"gamma_beasts:coal_nugget":56,"ars_nouveau:sourceberry_bush":8,"minecraft:blaze_rod":8,"minecraft:host_armor_trim_smithing_template":1,"minecraft:snowball":4,"minecraft:birch_log":20,"iceandfire:sapphire_gem":5,"minecraft:magma_block":2,"butchersdelightfoods:beeftenderloin":117,"minecraft:cooked_beef":4,"eidolon:raw_silver":22,"minecraft:water_bucket":5,"minecraft:flint":44,"butchersdelight:deadpig":3,"minecraft:stripped_spruce_wood":1,"farmersdelight:cooked_bacon":4,"butchersdelightfoods:cookedporkloin":3,"minecraft:lantern":14,"minecraft:stonecutter":3,"delightful:mini_melon":3,"forbidden_arcanus:rune":7,"minecraft:glowstone_dust":116,"epicsamurai:raw_silver":16,"butchersdelight:skullcow":116,"iceandfire:dragon_skull_fire":3,"butchersdelightfoods:porkloin":3,"dynamictrees:acacia_seed":5,"minecraft:loom":1,"minecraft:fermented_spider_eye":1,"minecraft:bundle":6,"toughasnails:water_purifier":1,"toughasnails:water_canteen":2,"rpgsmw:rangal":4,"minecraft:deepslate":10,"minecraft:writable_book":1,"minecraft:polished_granite_slab":1,"minecraft:granite":41,"minecraft:spruce_button":6,"minecraft:bread":49,"epicsamurai:ruby":1,"minecraft:dark_oak_fence":44,"minecraft:crimson_roots":1,"iceandfire:raw_silver":1,"minecraft:diamond_pickaxe":1,"minecraft:mud":1,"minecraft:coarse_dirt":3,"minecraft:crafting_table":6,"minecraft:orange_banner":7,"minecraft:yellow_candle":6,"minecraft:cornflower":3,"iceandfire:frozen_splinters":6,"gamma_beasts:acacia_leaf":1,"epicsamurai:jade":14,"butchersdelight:dead_cow":139,"minecraft:glass_pane":28,"minecraft:cracked_stone_bricks":16,"epicsamurai:red_samurai_chestplate_light":1,"farmersdelight:beef_patty":10,"minecraft:beef":116,"iceandfire:armor_silver_metal_leggings":1,"minecraft:iron_nugget":33,"minecraft:poppy":4,"minecraft:chest":94,"minecraft:piston":10,"minecraft:diamond_hoe":1,"minecraft:egg":3,"minecraft:stone":328,"farmersdelight:minced_beef":5,"minecraft:spruce_fence":1,"minecraft:white_dye":2,"farmersdelight:tomato_seeds":4,"minecraft:carrot":359,"minecraft:redstone":92,"butchersdelightfoods:cooked_leg_cow":54,"iceandfire:dragon_skull_ice":5,"minecraft:cooked_cod":6,"minecraft:decorated_pot":1,"butchersdelightfoods:coockedbeeftenderloin":47,"minecraft:shears":1,"iceandfire:dragonscales_silver":13,"minecraft:hay_block":20,"minecraft:gold_ingot":44,"minecraft:totem_of_undying":5,"minecraft:mutton":8,"minecraft:white_wool":63,"minecraft:oxeye_daisy":3,"minecraft:oak_log":1334,"toms_storage:ts.crafting_terminal":1,"minecraft:paper":12,"minecraft:apple":28,"minecraft:stone_bricks":205,"farmersdelight:cooking_pot":1,"minecraft:tall_grass":1,"minecraft:glass_bottle":5,"epicsamurai:aquamarine":23,"forbidden_arcanus:darkstone":3,"toughasnails:leaf_chestplate":1,"minecraft:dark_oak_slab":8,"iceandfire:armor_bronze_helmet":1,"minecraft:sweet_berries":13,"minecraft:gravel":290,"gamma_beasts:thin_acacia_log":23,"minecraft:spruce_log":341,"illagerinvasion:illusionary_dust":5,"forbidden_arcanus:arcane_crystal":34,"travelersbackpack:standard":26,"tombstone:scroll_of_knowledge":3,"knightsnmages:moonlight_gem":12,"iceandfire:ice_dragon_flesh":6,"gamma_beasts:thin_spruce_log":6,"minecraft:baked_potato":10,"minecraft:melon_seeds":3,"minecraft:ender_pearl":4,"rpgsmw:miphril_greatsword":1,"irons_spellbooks:scroll":16,"ars_nouveau:caster_tome":6,"minecraft:wheat":4,"illagerinvasion:platinum_chunk":4,"minecraft:nether_brick_fence":4,"gamma_beasts:fur":5,"alexscaves:cave_tablet":4,"minecraft:potion":6,"ars_nouveau:ritual_moonfall":2,"minecraft:stone_brick_stairs":15,"tombstone:grave_key":2,"minecraft:raw_copper":4,"travelersbackpack:diamond":5,"minecraft:iron_leggings":1,"minecraft:experience_bottle":2,"irons_spellbooks:arcane_essence":44,"alexsmobs:blood_sac":3,"minecraft:bucket":1,"minecraft:white_tulip":2,"rpgsmw:redarium":2,"minecraft:rose_bush":6,"minecraft:cobblestone_slab":2,"dynamictrees:oak_seed":388,"minecraft:iron_pickaxe":1,"delightful:green_tea_leaf":189,"iceandfire:armor_bronze_boots":1,"minecraft:furnace":6,"minecraft:stick":1875,"improvableskills:parchment_fragment":1,"minecraft:oak_fence":2,"cataclysm:chiseled_stone_brick_pillar":101,"minecraft:torch":92,"iceandfire:dragonscales_white":26,"minecraft:spruce_stairs":10,"minecraft:porkchop":3,"tombstone:grave_dust":19,"minecraft:diorite":14,"eidolon:tattered_cloth":8,"forbidden_arcanus:obsidian_with_iron":2,"minecraft:rotten_flesh":19,"butchersdelightfoods:ham":3,"rpgsmw:edmantium":10,"minecraft:obsidian":30,"cataclysm:stone_pillar":61,"minecraft:blaze_powder":1,"minecraft:cobblestone":1209,"ars_nouveau:drygmy_shard":1,"minecraft:pink_petals":137,"minecraft:andesite":83,"gamma_beasts:prehnite":87,"minecraft:potato":13,"minecraft:tuff":9,"gamma_beasts:oak_leaf":107,"minecraft:acacia_boat":1,"minecraft:lapis_lazuli":163,"minecraft:dirt":4340,"iceandfire:dragonscales_bronze":1,"minecraft:name_tag":5,"minecraft:glass":16,"minecraft:bone":97,"butchersdelightfoods:cookedbeefribs":52,"minecraft:acacia_planks":6,"minecraft:bow":1,"ars_nouveau:source_gem":5,"minecraft:orange_tulip":1,"minecraft:wheat_seeds":127,"knightsnmages:scarlet_gem":23,"minecraft:raw_gold":9,"minecraft:mossy_stone_bricks":1,"minecraft:fletching_table":12,"minecraft:oak_planks":86,"minecraft:ghast_tear":4,"minecraft:cooked_porkchop":20,"butchersdelight:cow_hide":116,"minecraft:jungle_planks":320,"minecraft:sand":166,"minecraft:diamond_block":1,"farmersdelight:ham":6,"butchersdelightfoods:beefribs":115,"minecraft:mossy_cobblestone":11,"minecraft:spruce_fence_gate":1,"eidolon:raw_lead":12,"minecraft:yellow_carpet":1,"tombstone:familiar_stone":1,"minecraft:diamond":69,"minecraft:soul_lantern":1,"waystones:waystone":4,"minecraft:cherry_wood":3,"minecraft:crossbow":1,"minecraft:grass":1,"minecraft:golden_apple":2,"minecraft:spruce_sign":6,"minecraft:emerald":93,"minecraft:netherrack":126,"minecraft:oak_leaves":204,"minecraft:andesite_slab":84,"minecraft:charcoal":21,"endrem:magical_eye":1,"minecraft:allium":1,"minecraft:azure_bluet":4,"minecraft:brown_mushroom":72,"dynamictrees:spruce_seed":52,"minecraft:wooden_pickaxe":1,"minecraft:gold_block":9,"minecraft:shield":3,"ars_nouveau:amplify_arrow":26,"minecraft:oak_trapdoor":2,"minecraft:moss_carpet":5,"minecraft:iron_axe":1,"minecraft:item_frame":16,"butchersdelightfoods:cookedporkribs":3,"minecraft:blackstone":3,"knightsnmages:citrin_gem":58,"minecraft:candle":90,"improvableskills:scroll_normal":3,"minecraft:oak_boat":3,"minecraft:lectern":25,"minecraft:light_gray_wool":1,"irons_spellbooks:lightning_bottle":2,"minecraft:sugar_cane":20,"butchersdelightfoods:porkribs":3,"crittersandcompanions:clam":2,"iceandfire:ice_dragon_heart":3,"forbidden_arcanus:cloth":2,"minecraft:raw_iron":33,"iceandfire:dragonbone":16,"iceandfire:troll_tusk":1,"minecraft:bowl":2,"minecraft:stone_button":3,"minecraft:cookie":19,"minecraft:dark_oak_planks":6,"iceandfire:silver_ingot":4,"minecraft:arrow":55,"minecraft:nether_bricks":3,"rpgsmw:pinarium":1,"crittersandcompanions:silk":54,"minecraft:pink_tulip":7,"forbidden_arcanus:spawner_scrap":1,"iceandfire:silver_axe":1,"minecraft:basalt":52,"minecraft:magenta_banner":1,"minecraft:leather":253,"iceandfire:silver_shovel":1,"minecraft:birch_planks":4,"gamma_beasts:green_apple":114,"iceandfire:ectoplasm":3,"minecraft:gunpowder":53,"minecraft:nether_wart_block":2,"minecraft:cobblestone_wall":35,"minecraft:cooked_mutton":15,"minecraft:red_carpet":44,"minecraft:gray_carpet":14,"minecraft:acacia_trapdoor":12,"minecraft:rabbit_hide":12,"minecraft:iron_ingot":65,"dynamictrees:birch_seed":3,"minecraft:stripped_oak_wood":3,"iceandfire:fire_dragon_flesh":8,"minecraft:acacia_sapling":1,"minecraft:book":173,"epicsamurai:onyx":2,"minecraft:oak_slab":1,"minecraft:chiseled_stone_bricks":3,"minecraft:raw_iron_block":1,"minecraft:stone_brick_slab":15,"minecraft:brush":3,"minecraft:quartz":8,"minecraft:dandelion":18,"minecraft:white_bed":11,"minecraft:dark_oak_fence_gate":11,"minecraft:spider_eye":10,"eidolon:lead_ingot":45,"dynamictrees:cherry_seed":30,"tombstone:magic_scroll":2,"minecraft:coal":105,"minecraft:sunflower":1},"minecraft:mined":{"minecraft:dark_oak_planks":6,"minecraft:polished_granite_slab":1,"minecraft:white_bed":11,"gamma_beasts:spider_egg":1,"minecraft:obsidian":15,"minecraft:granite":31,"minecraft:yellow_carpet":1,"minecraft:coal_block":3,"minecraft:chiseled_stone_bricks":3,"epicsamurai:deepslate_jade_ore":2,"minecraft:magma_block":1,"minecraft:fire":27,"minecraft:moss_carpet":11,"minecraft:fletching_table":12,"toms_storage:ts.inventory_connector":1,"minecraft:cave_vines":1,"iceandfire:gold_pile":1,"minecraft:dirt_path":105,"minecraft:oak_stairs":4,"minecraft:green_carpet":1,"minecraft:brown_mushroom":36,"minecraft:crimson_nylium":7,"minecraft:torch":33,"celestisynth:wintereis":1,"gamma_beasts:thin_spruce_log":6,"minecraft:glass":1,"minecraft:sugar_cane":6,"travelersbackpack:diamond":5,"forbidden_arcanus:darkstone":3,"minecraft:mud":1,"minecraft:stone_brick_stairs":13,"minecraft:grass":404,"delightful:mini_melon":2,"minecraft:loom":1,"minecraft:stonecutter":3,"toms_storage:ts.crafting_terminal":1,"minecraft:piston":10,"minecraft:deepslate":109,"eidolon:deep_silver_ore":6,"iceandfire:silver_ore":1,"minecraft:mossy_cobblestone":15,"farmersdelight:wild_carrots":1,"minecraft:nether_bricks":3,"minecraft:dark_oak_fence":22,"minecraft:spruce_fence":1,"minecraft:cherry_wood":3,"dynamictrees:oak_leaves":150,"farmersdelight:wild_onions":2,"forbidden_arcanus:deepslate_arcane_crystal_ore":5,"minecraft:acacia_trapdoor":13,"minecraft:andesite":82,"dynamictrees:spruce_leaves":20,"minecraft:cobblestone_slab":2,"minecraft:vine":3,"minecraft:oak_slab":1,"toughasnails:water_purifier":1,"minecraft:stone_brick_slab":10,"minecraft:dandelion":11,"minecraft:cornflower":2,"minecraft:spruce_button":1,"dynamictrees:acacia_leaves":1,"minecraft:campfire":4,"minecraft:copper_ore":1,"minecraft:tall_grass":47,"minecraft:deepslate_gold_ore":3,"minecraft:diorite":14,"minecraft:coarse_dirt":3,"minecraft:cobblestone_wall":2,"minecraft:stripped_spruce_wood":1,"minecraft:spruce_log":4,"minecraft:gravel":282,"minecraft:sunflower":1,"minecraft:cobweb":12,"minecraft:spruce_fence_gate":1,"minecraft:acacia_planks":2,"minecraft:stone_bricks":202,"minecraft:fern":2,"minecraft:spruce_planks":118,"gamma_beasts:roble_hoja_1":15,"minecraft:farmland":1,"gamma_beasts:thin_acacia_log":23,"minecraft:brewing_stand":7,"minecraft:cave_vines_plant":1,"cataclysm:stone_pillar":21,"minecraft:grass_block":2526,"knightsnmages:deepslate_citrin_ore":17,"minecraft:glowstone":23,"minecraft:iron_ore":12,"minecraft:anvil":4,"minecraft:azure_bluet":1,"epicsamurai:deepslate_silver_ore":8,"dynamictrees:crimson_wart":3,"knightsnmages:deepslate_moonlight_ore":5,"minecraft:green_bed":39,"minecraft:blackstone":3,"minecraft:magenta_wall_banner":1,"iceandfire:dragon_ice_spikes":171,"minecraft:poppy":2,"minecraft:chest":86,"iceandfire:frozen_dirt":3,"minecraft:cobblestone":24,"minecraft:oak_planks":22,"minecraft:wall_torch":32,"minecraft:pink_petals":7,"minecraft:dark_oak_slab":8,"eidolon:deep_lead_ore":12,"minecraft:stripped_oak_wood":2,"minecraft:oak_log":179,"minecraft:dirt":721,"minecraft:sand":156,"minecraft:netherrack":132,"minecraft:oak_leaves":41,"minecraft:diamond_ore":6,"minecraft:red_carpet":5,"minecraft:tuff":5,"rpgsmw:miphrildeepslateore":7,"minecraft:deepslate_diamond_ore":18,"minecraft:candle":37,"gamma_beasts:roblo_hoja":4,"minecraft:stone_button":2,"iceandfire:frozen_stone":1,"epicsamurai:deepslate_ruby_ore":1,"eidolon:silver_ore":5,"minecraft:yellow_candle":2,"minecraft:decorated_pot":2,"cataclysm:chiseled_stone_brick_pillar":39,"iceandfire:frozen_splinters":14,"travelersbackpack:white_sleeping_bag":1,"minecraft:large_fern":2,"minecraft:hay_block":20,"epicsamurai:onyx_ore":1,"minecraft:oak_trapdoor":3,"minecraft:furnace":4,"minecraft:carrots":100,"gamma_beasts:prehnite_ore":1,"minecraft:dark_oak_fence_gate":9,"minecraft:gold_block":9,"minecraft:nether_brick_fence":2,"minecraft:bookshelf":33,"minecraft:lantern":8,"crittersandcompanions:silk_cocoon":4,"minecraft:stone":1192,"minecraft:basalt":53,"travelersbackpack:standard":26,"epicsamurai:deepslate_aquamarine_ore":9,"minecraft:oak_fence":2,"minecraft:crafting_table":6,"gamma_beasts:acacia_hoja_1":1,"minecraft:andesite_slab":25,"minecraft:lectern":26,"minecraft:stone_slab":54,"minecraft:deepslate_coal_ore":8,"minecraft:spruce_stairs":7,"gamma_beasts:deepslate_prehnite_ore":25,"butchersdelight:deadcowblock":1,"forbidden_arcanus:xpetrified_ore":2,"rpgsmw:mineral_ore":7,"minecraft:sweet_berry_bush":2,"minecraft:ice":1,"minecraft:bee_nest":2,"gamma_beasts:thin_oak_log":66,"minecraft:coal_ore":82,"minecraft:cracked_stone_bricks":8,"dynamictrees:oak_sapling":6,"minecraft:mossy_stone_bricks":1,"forbidden_arcanus:runic_deepslate":3},"minecraft:broken":{"toughasnails:leaf_chestplate":4,"minecraft:shears":1,"minecraft:iron_boots":1,"minecraft:iron_chestplate":1,"minecraft:iron_leggings":2,"iceandfire:armor_bronze_boots":1,"minecraft:diamond_pickaxe":1,"iceandfire:armor_bronze_helmet":1,"iceandfire:silver_shovel":5,"minecraft:bow":1,"eidolon:silver_helmet":1,"toughasnails:water_canteen":75,"minecraft:iron_axe":1,"toughasnails:purified_water_canteen":67,"toughasnails:leaf_helmet":2,"iceandfire:silver_axe":2,"toughasnails:leaf_boots":1,"eidolon:silver_sword":2,"toughasnails:leaf_leggings":3,"iceandfire:armor_silver_boots":1,"eidolon:silver_chestplate":2,"iceandfire:armor_silver_helmet":1,"eidolon:silver_shovel":1}},"DataVersion":3465}