{"stats":{"minecraft:broken":{"toughasnails:leaf_chestplate":2,"minecraft:iron_chestplate":1,"minecraft:iron_leggings":1,"iceandfire:armor_bronze_boots":1,"iceandfire:armor_bronze_helmet":1,"iceandfire:silver_shovel":2,"minecraft:bow":1,"eidolon:silver_sword":2,"toughasnails:leaf_leggings":2,"toughasnails:water_canteen":24,"toughasnails:purified_water_canteen":36,"iceandfire:armor_silver_helmet":1,"iceandfire:silver_axe":1,"eidolon:silver_shovel":1},"minecraft:custom":{"minecraft:animals_bred":87,"minecraft:interact_with_crafting_table":62,"minecraft:open_barrel":39,"minecraft:eat_cake_slice":2,"minecraft:leave_game":21,"minecraft:time_since_death":401,"minecraft:sprint_one_cm":3821248,"minecraft:damage_blocked_by_shield":545,"minecraft:drop":255,"minecraft:talked_to_villager":77,"minecraft:play_time":1145150,"minecraft:deaths":40,"minecraft:jump":17287,"minecraft:interact_with_brewingstand":12,"minecraft:walk_on_water_one_cm":151355,"minecraft:interact_with_furnace":86,"minecraft:traded_with_villager":149,"minecraft:sleep_in_bed":68,"minecraft:waystone_activated":3,"minecraft:damage_dealt":32482,"minecraft:crouch_one_cm":61450,"tombstone:undead_killed":14,"minecraft:interact_with_anvil":10,"minecraft:mob_kills":68,"minecraft:climb_one_cm":18403,"minecraft:walk_one_cm":1553349,"minecraft:sneak_time":37154,"minecraft:walk_under_water_one_cm":81483,"minecraft:interact_with_lectern":1,"minecraft:total_world_time":1145150,"tombstone:raider_killed":39,"minecraft:interact_with_stonecutter":6,"minecraft:time_since_rest":1,"minecraft:damage_taken":19685,"minecraft:trigger_trapped_chest":5,"tombstone:cast_on_ally":0,"minecraft:swim_one_cm":147421,"minecraft:fly_one_cm":3634765,"minecraft:open_chest":489,"minecraft:fall_one_cm":442757},"minecraft:killed":{"illagerinvasion:archivist":5,"minecraft:spider":1,"illagerinvasion:basher":4,"minecraft:skeleton":3,"illagerinvasion:provoker":2,"minecraft:illusioner":1,"minecraft:piglin":1,"minecraft:zombie_villager":1,"alexsmobs:stradpole":2,"illagerinvasion:alchemist":3,"alexsmobs:crimson_mosquito":3,"minecraft:pillager":5,"minecraft:zombie":3,"minecraft:evoker":2,"minecraft:vex":2,"minecraft:vindicator":10,"illagerinvasion:marauder":6,"minecraft:horse":2,"eidolon:wraith":2,"naturalist:butterfly":1,"iceandfire:ghost":5,"ars_nouveau:whirlisprig":1,"iceandfire:ice_dragon":1},"minecraft:used":{"iceandfire:dragon_skull_ice":3,"minecraft:diamond_hoe":84,"minecraft:chest":4,"minecraft:shield":25,"minecraft:rotten_flesh":2,"minecraft:iron_chestplate":4,"minecraft:nether_bricks":3,"minecraft:carrot":411,"minecraft:tuff":1,"minecraft:obsidian":10,"minecraft:glass":147,"minecraft:lava_bucket":10,"minecraft:lantern":12,"iceandfire:armor_silver_metal_leggings":9,"minecraft:stone_bricks":74,"minecraft:stone_brick_stairs":5,"minecraft:item_frame":10,"delightful:green_tea_leaf":1,"minecraft:red_carpet":43,"minecraft:bow":395,"minecraft:sweet_berries":3,"eidolon:silver_chestplate":1,"minecraft:egg":2,"minecraft:potato":2,"forbidden_arcanus:edelwood_bucket":6,"eidolon:silver_shovel":82,"minecraft:acacia_trapdoor":20,"minecraft:oak_planks":51,"minecraft:blackstone":3,"minecraft:ender_pearl":1,"minecraft:wooden_pickaxe":37,"rpgsmw:miphril_greatsword":194,"minecraft:composter":1,"cataclysm:chiseled_stone_brick_pillar":38,"toughasnails:water_canteen":269,"minecraft:oak_leaves":31,"minecraft:white_wool":1,"minecraft:sand":1,"iceandfire:silver_axe":367,"minecraft:shears":68,"relics:horse_flute":6,"waystones:waystone":2,"minecraft:lever":12,"minecraft:bread":326,"dynamictrees:acacia_seed":5,"minecraft:gravel":203,"tombstone:familiar_stone":2,"iceandfire:dragon_skull_fire":3,"minecraft:chainmail_boots":1,"minecraft:oak_boat":1,"minecraft:air":4,"minecraft:bone_meal":234,"minecraft:experience_bottle":6,"minecraft:oak_fence":4,"minecraft:oak_trapdoor":5,"minecraft:flint_and_steel":2,"minecraft:redstone":24,"minecraft:spruce_planks":2,"gamma_beasts:green_apple":1,"dynamictrees:oak_seed":83,"minecraft:netherrack":105,"minecraft:torch":33,"minecraft:dirt":381,"minecraft:brewing_stand":4,"minecraft:anvil":1,"toughasnails:empty_canteen":61,"minecraft:spruce_stairs":2,"minecraft:polished_granite_slab":1,"eidolon:silver_sword":383,"minecraft:stone_brick_slab":1,"minecraft:dark_oak_planks":1,"minecraft:iron_axe":6,"minecraft:spruce_button":1,"minecraft:basalt":52,"tombstone:gift":4,"minecraft:acacia_planks":6,"minecraft:acacia_boat":8,"minecraft:water_bucket":232,"toughasnails:leaf_leggings":6,"tombstone:scroll_of_reach":1,"minecraft:pink_tulip":1,"minecraft:glass_bottle":23,"minecraft:green_bed":35,"minecraft:stonecutter":1,"minecraft:fletching_table":20,"minecraft:cobblestone_slab":2,"forbidden_arcanus:edelwood_water_bucket":5,"cataclysm:stone_pillar":21,"minecraft:oak_slab":2,"minecraft:crafting_table":4,"minecraft:white_bed":5,"minecraft:oak_log":2,"minecraft:mud":1,"minecraft:piston":22,"minecraft:diamond_pickaxe":1147,"minecraft:iron_pickaxe":16,"toughasnails:leaf_chestplate":1,"minecraft:chiseled_stone_bricks":2,"minecraft:potion":27,"minecraft:cobblestone":28,"minecraft:orange_banner":2,"toughasnails:purified_water_canteen":214,"minecraft:bucket":242,"iceandfire:silver_shovel":924,"minecraft:dandelion":7,"minecraft:diamond_leggings":5},"minecraft:dropped":{"minecraft:spruce_sign":7,"minecraft:loom":1,"minecraft:glass_bottle":11,"gamma_beasts:acacia_leaf":1,"minecraft:dark_oak_slab":8,"minecraft:crossbow":1,"iceandfire:ectoplasm":3,"dynamictrees:spruce_seed":2,"minecraft:red_carpet":1,"minecraft:emerald":1,"minecraft:dirt":2,"minecraft:grass":1,"minecraft:stone_button":8,"minecraft:cornflower":3,"minecraft:crimson_roots":1,"minecraft:snowball":4,"farmersdelight:onion":4,"minecraft:sunflower":1,"minecraft:sand":3,"minecraft:dark_oak_planks":4,"minecraft:white_wool":1,"minecraft:gravel":9,"minecraft:white_tulip":2,"minecraft:iron_nugget":4,"dynamictrees:oak_seed":3,"minecraft:golden_chestplate":1,"alexsmobs:animal_dictionary":1,"minecraft:andesite_slab":20,"minecraft:wheat":4,"tombstone:gift":1,"minecraft:oak_planks":4,"minecraft:nether_brick_fence":4,"minecraft:azure_bluet":3,"minecraft:carrot":183,"patchouli:guide_book":2,"minecraft:chiseled_stone_bricks":1,"minecraft:poppy":4,"minecraft:orange_banner":5,"minecraft:chainmail_boots":1,"minecraft:arrow":3,"minecraft:stone_brick_stairs":3,"minecraft:water_bucket":2,"minecraft:bread":12,"minecraft:wheat_seeds":47,"gamma_beasts:oak_leaf":50,"eidolon:silver_sword":1,"minecraft:mossy_cobblestone":2,"minecraft:lead":2,"minecraft:cobblestone":3,"minecraft:book":2,"minecraft:apple":5,"delightful:green_tea_leaf":47,"minecraft:spruce_button":4,"delightful:mini_melon":1,"minecraft:coal":1,"minecraft:stick":85,"minecraft:oxeye_daisy":3,"ars_nouveau:worn_notebook":1,"minecraft:diorite":2,"tombstone:grave_key":4,"minecraft:nether_wart_block":2,"minecraft:rose_bush":6,"rpgsmw:class_choose_orb":1,"minecraft:potion":4,"minecraft:stonecutter":1,"minecraft:chainmail_leggings":1,"minecraft:paper":12,"minecraft:pink_petals":5,"minecraft:acacia_planks":11,"minecraft:stone_brick_slab":1,"minecraft:dandelion":10,"minecraft:pink_tulip":1,"forbidden_arcanus:edelwood_water_bucket":1,"minecraft:moss_carpet":5,"minecraft:tuff":2,"minecraft:light_gray_wool":1,"minecraft:yellow_candle":6,"minecraft:shears":1,"minecraft:potato":26,"relics:magic_mirror":2,"minecraft:shield":2,"iceandfire:frozen_splinters":1,"minecraft:stone_bricks":10,"minecraft:spider_eye":2,"minecraft:bow":1,"minecraft:wooden_pickaxe":3,"minecraft:red_tulip":4,"minecraft:magma_block":2},"minecraft:picked_up":{"irons_spellbooks:scroll":1,"gamma_beasts:thin_oak_log":34,"ars_nouveau:caster_tome":1,"minecraft:iron_chestplate":2,"minecraft:wheat":4,"illagerinvasion:platinum_chunk":2,"minecraft:nether_brick_fence":4,"minecraft:lead":4,"minecraft:stone_slab":108,"alexscaves:cave_tablet":2,"minecraft:potion":3,"minecraft:stone_brick_stairs":11,"tombstone:grave_key":2,"minecraft:brewing_stand":6,"minecraft:string":13,"relics:magic_mirror":3,"minecraft:iron_leggings":1,"minecraft:experience_bottle":2,"alexsmobs:blood_sac":3,"minecraft:spruce_planks":1,"minecraft:white_tulip":2,"minecraft:rose_bush":6,"minecraft:cobblestone_slab":2,"dynamictrees:oak_seed":181,"minecraft:iron_pickaxe":1,"delightful:green_tea_leaf":66,"iceandfire:armor_bronze_boots":1,"minecraft:stick":541,"cataclysm:chiseled_stone_brick_pillar":36,"minecraft:oak_fence":2,"minecraft:green_bed":35,"minecraft:torch":32,"minecraft:acacia_log":8,"minecraft:spruce_stairs":1,"tombstone:grave_dust":4,"minecraft:diorite":2,"eidolon:tattered_cloth":2,"eidolon:silver_sword":2,"minecraft:rotten_flesh":3,"minecraft:vex_armor_trim_smithing_template":1,"minecraft:red_tulip":4,"gamma_beasts:coal_nugget":4,"ars_nouveau:sourceberry_bush":4,"minecraft:obsidian":8,"cataclysm:stone_pillar":21,"minecraft:snowball":4,"minecraft:cobblestone":434,"minecraft:pink_petals":5,"minecraft:magma_block":2,"minecraft:water_bucket":3,"minecraft:andesite":1,"minecraft:potato":13,"minecraft:flint":30,"butchersdelight:deadpig":3,"minecraft:tuff":3,"gamma_beasts:oak_leaf":63,"minecraft:acacia_boat":1,"minecraft:dirt":616,"minecraft:lantern":12,"minecraft:bone":14,"minecraft:acacia_planks":5,"minecraft:orange_tulip":1,"minecraft:stonecutter":1,"minecraft:bow":1,"delightful:mini_melon":1,"minecraft:wheat_seeds":48,"minecraft:fletching_table":12,"minecraft:glowstone_dust":58,"minecraft:oak_planks":60,"iceandfire:dragon_skull_fire":3,"minecraft:sand":158,"dynamictrees:acacia_seed":5,"minecraft:loom":1,"minecraft:mossy_cobblestone":2,"minecraft:bundle":1,"toughasnails:water_canteen":1,"minecraft:yellow_carpet":1,"waystones:waystone":2,"minecraft:polished_granite_slab":1,"minecraft:crossbow":1,"minecraft:grass":1,"minecraft:spruce_sign":6,"minecraft:spruce_button":5,"minecraft:bread":46,"minecraft:emerald":24,"minecraft:netherrack":126,"minecraft:dark_oak_fence":22,"minecraft:crimson_roots":1,"minecraft:oak_leaves":67,"minecraft:andesite_slab":52,"iceandfire:raw_silver":1,"minecraft:diamond_pickaxe":1,"endrem:magical_eye":1,"minecraft:mud":1,"minecraft:azure_bluet":3,"dynamictrees:spruce_seed":2,"minecraft:wooden_pickaxe":1,"minecraft:orange_banner":7,"minecraft:yellow_candle":6,"minecraft:shield":3,"ars_nouveau:amplify_arrow":26,"minecraft:cornflower":3,"iceandfire:frozen_splinters":2,"minecraft:moss_carpet":5,"minecraft:iron_axe":1,"gamma_beasts:acacia_leaf":1,"minecraft:item_frame":10,"minecraft:blackstone":3,"butchersdelight:dead_cow":1,"minecraft:cracked_stone_bricks":8,"minecraft:candle":89,"iceandfire:armor_silver_metal_leggings":1,"minecraft:iron_nugget":15,"minecraft:poppy":4,"minecraft:light_gray_wool":1,"minecraft:chest":1,"minecraft:piston":10,"minecraft:diamond_hoe":1,"iceandfire:ice_dragon_heart":1,"minecraft:egg":2,"iceandfire:dragonbone":7,"minecraft:white_dye":2,"minecraft:stone_button":2,"minecraft:carrot":359,"minecraft:redstone":2,"minecraft:dark_oak_planks":5,"iceandfire:dragon_skull_ice":3,"minecraft:arrow":5,"minecraft:nether_bricks":3,"minecraft:shears":1,"iceandfire:dragonscales_silver":13,"crittersandcompanions:silk":17,"minecraft:hay_block":8,"minecraft:pink_tulip":7,"minecraft:gold_ingot":2,"minecraft:totem_of_undying":3,"minecraft:white_wool":2,"minecraft:oxeye_daisy":3,"iceandfire:silver_axe":1,"minecraft:basalt":52,"minecraft:leather":1,"gamma_beasts:green_apple":51,"minecraft:oak_log":540,"iceandfire:ectoplasm":3,"minecraft:nether_wart_block":2,"minecraft:gunpowder":7,"minecraft:paper":12,"minecraft:red_carpet":44,"minecraft:apple":7,"minecraft:stone_bricks":193,"minecraft:acacia_trapdoor":12,"minecraft:rabbit_hide":6,"minecraft:iron_ingot":2,"minecraft:glass_bottle":5,"minecraft:book":39,"minecraft:dark_oak_slab":8,"iceandfire:armor_bronze_helmet":1,"minecraft:sweet_berries":3,"minecraft:chiseled_stone_bricks":3,"minecraft:stone_brick_slab":2,"minecraft:brush":1,"minecraft:dandelion":17,"minecraft:raw_iron_block":1,"minecraft:gravel":248,"gamma_beasts:thin_acacia_log":23,"minecraft:white_bed":5,"minecraft:spruce_log":9,"illagerinvasion:illusionary_dust":1,"minecraft:spider_eye":2,"travelersbackpack:standard":10,"tombstone:scroll_of_knowledge":1,"iceandfire:ice_dragon_flesh":2,"minecraft:coal":20,"minecraft:ender_pearl":1,"minecraft:sunflower":1},"minecraft:killed_by":{"minecraft:vex":2,"alexsmobs:crimson_mosquito":1},"minecraft:mined":{"minecraft:dark_oak_planks":5,"minecraft:polished_granite_slab":1,"minecraft:spruce_planks":1,"gamma_beasts:roble_hoja_1":14,"minecraft:white_bed":5,"minecraft:farmland":1,"gamma_beasts:thin_acacia_log":23,"minecraft:brewing_stand":6,"minecraft:obsidian":5,"cataclysm:stone_pillar":21,"minecraft:grass_block":383,"minecraft:yellow_carpet":1,"minecraft:chiseled_stone_bricks":3,"minecraft:magma_block":1,"minecraft:glowstone":23,"minecraft:fire":26,"minecraft:moss_carpet":11,"minecraft:fletching_table":12,"minecraft:azure_bluet":1,"minecraft:dirt_path":1,"dynamictrees:crimson_wart":3,"minecraft:green_carpet":1,"minecraft:green_bed":35,"minecraft:blackstone":3,"minecraft:crimson_nylium":7,"iceandfire:dragon_ice_spikes":142,"minecraft:torch":2,"minecraft:poppy":2,"minecraft:chest":1,"minecraft:glass":1,"minecraft:cobblestone":16,"minecraft:oak_planks":11,"minecraft:wall_torch":4,"minecraft:dark_oak_slab":8,"minecraft:mud":1,"minecraft:stone_brick_stairs":11,"minecraft:grass":213,"minecraft:oak_log":115,"minecraft:loom":1,"minecraft:sand":156,"minecraft:dirt":224,"minecraft:stonecutter":1,"minecraft:netherrack":132,"minecraft:piston":10,"minecraft:oak_leaves":39,"minecraft:tuff":3,"minecraft:red_carpet":5,"iceandfire:silver_ore":1,"minecraft:mossy_cobblestone":2,"minecraft:candle":37,"farmersdelight:wild_carrots":1,"gamma_beasts:roblo_hoja":4,"minecraft:nether_bricks":3,"minecraft:dark_oak_fence":22,"minecraft:yellow_candle":2,"cataclysm:chiseled_stone_brick_pillar":36,"iceandfire:frozen_splinters":9,"minecraft:hay_block":8,"dynamictrees:oak_leaves":28,"farmersdelight:wild_onions":2,"minecraft:carrots":100,"minecraft:acacia_trapdoor":13,"minecraft:andesite":1,"dynamictrees:spruce_leaves":6,"minecraft:nether_brick_fence":2,"minecraft:bookshelf":12,"minecraft:cobblestone_slab":2,"minecraft:vine":2,"minecraft:lantern":7,"crittersandcompanions:silk_cocoon":1,"minecraft:stone":421,"minecraft:basalt":53,"minecraft:stone_brick_slab":2,"minecraft:dandelion":10,"travelersbackpack:standard":10,"minecraft:oak_fence":2,"minecraft:cornflower":2,"gamma_beasts:acacia_hoja_1":1,"dynamictrees:acacia_leaves":1,"minecraft:andesite_slab":25,"minecraft:stone_slab":54,"minecraft:tall_grass":38,"minecraft:diorite":2,"minecraft:ice":1,"gamma_beasts:thin_oak_log":34,"minecraft:coal_ore":14,"minecraft:sunflower":1,"minecraft:gravel":276,"minecraft:cobweb":3,"dynamictrees:oak_sapling":5,"minecraft:cracked_stone_bricks":8,"minecraft:acacia_planks":2,"minecraft:stone_bricks":188},"minecraft:crafted":{"minecraft:oak_planks":440,"iceandfire:armor_silver_boots":1,"iceandfire:silver_shovel":2,"minecraft:stone":280,"minecraft:lever":12,"toughasnails:leaf_leggings":3,"minecraft:glass":155,"iceandfire:armor_silver_metal_leggings":1,"minecraft:chest":4,"eidolon:silver_chestplate":1,"eidolon:silver_ingot":17,"iceandfire:silver_axe":1,"minecraft:glass_bottle":3,"minecraft:oak_slab":78,"minecraft:emerald":158,"minecraft:crafting_table":4,"minecraft:spruce_planks":36,"minecraft:wooden_pickaxe":2,"rpgsmw:miphrilignot":15,"minecraft:fletching_table":8,"minecraft:stick":80,"minecraft:iron_ingot":9,"minecraft:iron_block":3,"minecraft:gold_ingot":14,"minecraft:composter":1,"rpgsmw:miphrilblock":1,"toughasnails:empty_canteen":1,"minecraft:raw_iron":9,"minecraft:redstone":70,"minecraft:coal":54,"minecraft:piston":12,"minecraft:bone_meal":234,"minecraft:flint_and_steel":1,"minecraft:oak_trapdoor":6,"minecraft:ender_pearl":2,"minecraft:dark_oak_planks":12,"minecraft:wheat":873,"iceandfire:silver_ingot":10,"toughasnails:leaf_chestplate":2,"minecraft:acacia_trapdoor":8,"minecraft:glowstone":16,"minecraft:bread":284,"minecraft:acacia_boat":7,"minecraft:air":0,"minecraft:oak_boat":1,"rpgsmw:miphril_greatsword":1,"minecraft:stonecutter":1,"minecraft:anvil":1,"minecraft:acacia_planks":78,"eidolon:silver_sword":2,"minecraft:lapis_lazuli":21,"iceandfire:armor_silver_helmet":1}},"DataVersion":3465}