{"stats":{"minecraft:crafted":{"minecraft:oak_planks":496,"iceandfire:armor_silver_boots":2,"iceandfire:silver_shovel":2,"minecraft:stone":280,"minecraft:lever":12,"toughasnails:leaf_leggings":3,"minecraft:glass":155,"iceandfire:armor_silver_metal_leggings":1,"tombstone:grave_key":4,"minecraft:chest":4,"eidolon:silver_chestplate":2,"eidolon:silver_ingot":19,"eidolon:silver_helmet":1,"iceandfire:silver_axe":1,"minecraft:glass_bottle":6,"minecraft:oak_slab":78,"minecraft:emerald":158,"minecraft:arrow":384,"minecraft:crafting_table":7,"minecraft:spruce_planks":64,"minecraft:wooden_pickaxe":4,"rpgsmw:miphrilignot":15,"minecraft:fletching_table":8,"minecraft:stick":96,"minecraft:iron_ingot":9,"minecraft:iron_block":3,"minecraft:gold_ingot":14,"minecraft:composter":1,"minecraft:cherry_planks":4,"rpgsmw:miphrilblock":1,"toughasnails:empty_canteen":1,"minecraft:redstone":70,"minecraft:raw_iron":9,"minecraft:coal":54,"minecraft:piston":12,"minecraft:bone_meal":234,"minecraft:flint_and_steel":1,"minecraft:oak_trapdoor":6,"minecraft:ender_pearl":3,"minecraft:stone_pickaxe":2,"minecraft:spruce_boat":1,"minecraft:dark_oak_planks":12,"minecraft:wheat":873,"iceandfire:silver_ingot":10,"toughasnails:leaf_chestplate":2,"minecraft:acacia_trapdoor":8,"minecraft:stone_axe":1,"minecraft:glowstone":16,"minecraft:air":0,"minecraft:acacia_boat":7,"minecraft:bread":284,"minecraft:oak_boat":1,"rpgsmw:miphril_greatsword":1,"minecraft:stonecutter":1,"minecraft:anvil":1,"minecraft:acacia_planks":78,"minecraft:torch":16,"eidolon:silver_sword":2,"minecraft:lapis_lazuli":21,"iceandfire:armor_silver_helmet":1},"minecraft:killed":{"illagerinvasion:archivist":5,"minecraft:spider":3,"illagerinvasion:basher":4,"minecraft:skeleton":20,"illagerinvasion:provoker":2,"minecraft:illusioner":1,"irons_spellbooks:summoned_skeleton":1,"minecraft:piglin":1,"minecraft:zombie_villager":1,"alexsmobs:stradpole":2,"illagerinvasion:alchemist":3,"alexsmobs:crimson_mosquito":3,"minecraft:pillager":5,"minecraft:zombie":13,"gamma_beasts:spider_a":1,"eidolon:zombie_brute":1,"minecraft:evoker":2,"minecraft:vex":2,"irons_spellbooks:summoned_zombie":1,"minecraft:vindicator":10,"illagerinvasion:marauder":6,"minecraft:horse":2,"eidolon:wraith":2,"gamma_beasts:spider_c":1,"graveyard:ghoul":1,"naturalist:butterfly":1,"iceandfire:ghost":5,"ars_nouveau:whirlisprig":1,"iceandfire:ice_dragon":1},"minecraft:picked_up":{"irons_spellbooks:scroll":1,"ars_nouveau:caster_tome":1,"gamma_beasts:thin_oak_log":34,"minecraft:iron_chestplate":2,"minecraft:wheat":4,"illagerinvasion:platinum_chunk":2,"minecraft:nether_brick_fence":4,"minecraft:stone_slab":108,"minecraft:lead":4,"minecraft:diamond_sword":1,"alexscaves:cave_tablet":2,"minecraft:potion":3,"minecraft:stone_brick_stairs":11,"tombstone:grave_key":2,"minecraft:brewing_stand":6,"minecraft:golden_sword":1,"minecraft:raw_copper":4,"relics:magic_mirror":3,"minecraft:string":28,"minecraft:iron_leggings":1,"minecraft:experience_bottle":2,"alexsmobs:blood_sac":3,"minecraft:cobbled_deepslate":109,"minecraft:spruce_planks":4,"rpgsmw:rawmiphrilignot":7,"minecraft:white_tulip":2,"rpgsmw:redarium":1,"minecraft:rose_bush":6,"minecraft:cobblestone_slab":2,"dynamictrees:oak_seed":185,"minecraft:iron_pickaxe":1,"minecraft:enchanted_golden_apple":1,"delightful:green_tea_leaf":66,"iceandfire:armor_bronze_boots":1,"minecraft:stick":551,"minecraft:torch":56,"minecraft:oak_fence":2,"minecraft:acacia_log":8,"cataclysm:chiseled_stone_brick_pillar":36,"minecraft:green_bed":35,"minecraft:spruce_stairs":1,"tombstone:grave_dust":9,"minecraft:diorite":12,"celestisynth:wintereis_shard":4,"eidolon:tattered_cloth":2,"eidolon:silver_sword":2,"minecraft:rotten_flesh":7,"minecraft:vex_armor_trim_smithing_template":1,"minecraft:red_tulip":4,"gamma_beasts:coal_nugget":11,"ars_nouveau:sourceberry_bush":4,"rpgsmw:edmantium":4,"minecraft:obsidian":8,"cataclysm:stone_pillar":21,"minecraft:snowball":4,"minecraft:cobblestone":589,"minecraft:pink_petals":5,"minecraft:magma_block":2,"eidolon:raw_silver":6,"minecraft:water_bucket":3,"minecraft:andesite":14,"gamma_beasts:prehnite":26,"minecraft:potato":13,"butchersdelight:deadpig":3,"minecraft:flint":30,"minecraft:tuff":9,"gamma_beasts:oak_leaf":63,"minecraft:acacia_boat":1,"minecraft:dirt":636,"minecraft:lantern":12,"minecraft:bone":36,"minecraft:acacia_planks":5,"minecraft:wheat_seeds":56,"minecraft:orange_tulip":1,"minecraft:stonecutter":1,"minecraft:bow":1,"delightful:mini_melon":1,"minecraft:raw_gold":3,"forbidden_arcanus:rune":3,"minecraft:fletching_table":12,"minecraft:glowstone_dust":58,"minecraft:oak_planks":67,"epicsamurai:raw_silver":8,"iceandfire:dragon_skull_fire":3,"minecraft:sand":158,"dynamictrees:acacia_seed":5,"minecraft:loom":1,"minecraft:fermented_spider_eye":1,"minecraft:mossy_cobblestone":11,"minecraft:bundle":2,"eidolon:raw_lead":12,"toughasnails:water_canteen":1,"minecraft:yellow_carpet":1,"rpgsmw:rangal":2,"minecraft:diamond":20,"minecraft:soul_lantern":1,"waystones:waystone":3,"minecraft:polished_granite_slab":1,"minecraft:cherry_wood":3,"minecraft:crossbow":1,"minecraft:granite":21,"minecraft:grass":1,"minecraft:spruce_sign":6,"minecraft:bread":46,"minecraft:spruce_button":5,"minecraft:emerald":24,"minecraft:dark_oak_fence":22,"epicsamurai:ruby":1,"minecraft:netherrack":126,"iceandfire:raw_silver":1,"minecraft:andesite_slab":52,"minecraft:oak_leaves":67,"minecraft:crimson_roots":1,"minecraft:diamond_pickaxe":1,"endrem:magical_eye":1,"minecraft:mud":1,"minecraft:crafting_table":1,"minecraft:coarse_dirt":3,"minecraft:azure_bluet":3,"dynamictrees:spruce_seed":3,"minecraft:brown_mushroom":36,"minecraft:wooden_pickaxe":1,"minecraft:gold_block":9,"minecraft:orange_banner":7,"minecraft:yellow_candle":6,"minecraft:shield":3,"ars_nouveau:amplify_arrow":26,"minecraft:cornflower":3,"iceandfire:frozen_splinters":2,"minecraft:moss_carpet":5,"minecraft:iron_axe":1,"gamma_beasts:acacia_leaf":1,"epicsamurai:jade":2,"minecraft:item_frame":12,"minecraft:blackstone":3,"butchersdelight:dead_cow":1,"knightsnmages:citrin_gem":17,"minecraft:cracked_stone_bricks":8,"minecraft:candle":89,"improvableskills:scroll_normal":1,"iceandfire:armor_silver_metal_leggings":1,"minecraft:iron_nugget":18,"minecraft:poppy":4,"minecraft:light_gray_wool":1,"minecraft:sugar_cane":10,"minecraft:chest":1,"crittersandcompanions:clam":1,"minecraft:diamond_hoe":1,"minecraft:piston":10,"iceandfire:ice_dragon_heart":1,"minecraft:egg":3,"iceandfire:dragonbone":7,"minecraft:bowl":1,"minecraft:white_dye":2,"minecraft:stone_button":2,"minecraft:carrot":359,"minecraft:redstone":2,"minecraft:dark_oak_planks":5,"iceandfire:dragon_skull_ice":3,"minecraft:arrow":33,"minecraft:nether_bricks":3,"minecraft:shears":1,"iceandfire:dragonscales_silver":13,"crittersandcompanions:silk":22,"minecraft:hay_block":8,"minecraft:pink_tulip":7,"minecraft:gold_ingot":14,"minecraft:totem_of_undying":3,"minecraft:white_wool":2,"minecraft:oxeye_daisy":3,"iceandfire:silver_axe":1,"minecraft:basalt":52,"minecraft:leather":1,"minecraft:oak_log":552,"gamma_beasts:green_apple":51,"iceandfire:ectoplasm":3,"minecraft:nether_wart_block":2,"minecraft:gunpowder":7,"minecraft:paper":12,"minecraft:red_carpet":44,"minecraft:gray_carpet":14,"minecraft:apple":7,"minecraft:stone_bricks":193,"minecraft:acacia_trapdoor":12,"minecraft:rabbit_hide":6,"minecraft:iron_ingot":2,"minecraft:stripped_oak_wood":3,"minecraft:glass_bottle":5,"epicsamurai:aquamarine":9,"forbidden_arcanus:darkstone":3,"minecraft:book":39,"minecraft:dark_oak_slab":8,"iceandfire:armor_bronze_helmet":1,"minecraft:sweet_berries":10,"minecraft:chiseled_stone_bricks":3,"minecraft:brush":1,"minecraft:stone_brick_slab":2,"minecraft:dandelion":17,"minecraft:raw_iron_block":1,"minecraft:gravel":252,"gamma_beasts:thin_acacia_log":23,"minecraft:white_bed":5,"minecraft:spruce_log":14,"illagerinvasion:illusionary_dust":1,"minecraft:spider_eye":2,"forbidden_arcanus:arcane_crystal":5,"travelersbackpack:standard":16,"tombstone:scroll_of_knowledge":1,"gamma_beasts:thin_spruce_log":6,"knightsnmages:moonlight_gem":5,"iceandfire:ice_dragon_flesh":2,"minecraft:coal":46,"minecraft:sunflower":1,"minecraft:ender_pearl":2},"minecraft:mined":{"minecraft:dark_oak_planks":5,"minecraft:polished_granite_slab":1,"minecraft:spruce_planks":3,"gamma_beasts:roble_hoja_1":14,"minecraft:white_bed":5,"minecraft:farmland":1,"gamma_beasts:thin_acacia_log":23,"gamma_beasts:spider_egg":1,"minecraft:brewing_stand":6,"minecraft:obsidian":5,"minecraft:cave_vines_plant":1,"cataclysm:stone_pillar":21,"minecraft:granite":20,"minecraft:grass_block":385,"minecraft:yellow_carpet":1,"knightsnmages:deepslate_citrin_ore":17,"minecraft:chiseled_stone_bricks":3,"epicsamurai:deepslate_jade_ore":2,"minecraft:magma_block":1,"minecraft:glowstone":23,"minecraft:fire":26,"minecraft:moss_carpet":11,"minecraft:fletching_table":12,"minecraft:azure_bluet":1,"minecraft:cave_vines":1,"minecraft:dirt_path":1,"epicsamurai:deepslate_silver_ore":8,"dynamictrees:crimson_wart":3,"minecraft:green_carpet":1,"knightsnmages:deepslate_moonlight_ore":5,"minecraft:green_bed":35,"minecraft:brown_mushroom":36,"minecraft:blackstone":3,"minecraft:crimson_nylium":7,"iceandfire:dragon_ice_spikes":142,"minecraft:torch":11,"minecraft:poppy":2,"minecraft:chest":1,"celestisynth:wintereis":1,"gamma_beasts:thin_spruce_log":6,"minecraft:glass":1,"minecraft:cobblestone":23,"minecraft:sugar_cane":3,"minecraft:oak_planks":11,"minecraft:wall_torch":18,"forbidden_arcanus:darkstone":3,"minecraft:dark_oak_slab":8,"minecraft:mud":1,"eidolon:deep_lead_ore":12,"minecraft:stripped_oak_wood":2,"minecraft:stone_brick_stairs":11,"minecraft:grass":219,"minecraft:oak_log":115,"minecraft:loom":1,"minecraft:sand":156,"minecraft:dirt":232,"minecraft:stonecutter":1,"minecraft:netherrack":132,"minecraft:piston":10,"minecraft:oak_leaves":39,"minecraft:deepslate":109,"minecraft:diamond_ore":3,"minecraft:tuff":5,"minecraft:red_carpet":5,"eidolon:deep_silver_ore":6,"iceandfire:silver_ore":1,"rpgsmw:miphrildeepslateore":7,"minecraft:mossy_cobblestone":15,"minecraft:deepslate_diamond_ore":17,"minecraft:candle":37,"farmersdelight:wild_carrots":1,"gamma_beasts:roblo_hoja":4,"minecraft:decorated_pot":1,"minecraft:nether_bricks":3,"minecraft:dark_oak_fence":22,"epicsamurai:deepslate_ruby_ore":1,"minecraft:yellow_candle":2,"cataclysm:chiseled_stone_brick_pillar":36,"iceandfire:frozen_splinters":9,"minecraft:cherry_wood":3,"minecraft:hay_block":8,"dynamictrees:oak_leaves":28,"farmersdelight:wild_onions":2,"forbidden_arcanus:deepslate_arcane_crystal_ore":5,"minecraft:carrots":100,"minecraft:acacia_trapdoor":13,"gamma_beasts:prehnite_ore":1,"minecraft:andesite":14,"dynamictrees:spruce_leaves":18,"minecraft:gold_block":9,"minecraft:nether_brick_fence":2,"minecraft:bookshelf":12,"minecraft:cobblestone_slab":2,"minecraft:vine":3,"minecraft:lantern":7,"crittersandcompanions:silk_cocoon":3,"minecraft:stone":568,"minecraft:basalt":53,"minecraft:stone_brick_slab":2,"minecraft:dandelion":10,"travelersbackpack:standard":16,"epicsamurai:deepslate_aquamarine_ore":9,"minecraft:oak_fence":2,"minecraft:cornflower":2,"minecraft:crafting_table":1,"gamma_beasts:acacia_hoja_1":1,"dynamictrees:acacia_leaves":1,"minecraft:andesite_slab":25,"minecraft:stone_slab":54,"minecraft:copper_ore":1,"minecraft:tall_grass":40,"minecraft:deepslate_gold_ore":3,"minecraft:diorite":12,"gamma_beasts:deepslate_prehnite_ore":25,"minecraft:coarse_dirt":3,"rpgsmw:mineral_ore":7,"minecraft:sweet_berry_bush":2,"minecraft:ice":1,"minecraft:spruce_log":4,"gamma_beasts:thin_oak_log":34,"minecraft:coal_ore":38,"minecraft:gravel":278,"minecraft:sunflower":1,"minecraft:cobweb":12,"dynamictrees:oak_sapling":6,"minecraft:cracked_stone_bricks":8,"minecraft:acacia_planks":2,"minecraft:stone_bricks":188,"forbidden_arcanus:runic_deepslate":3,"minecraft:fern":2},"minecraft:broken":{"toughasnails:leaf_chestplate":2,"minecraft:iron_boots":1,"minecraft:iron_chestplate":1,"minecraft:iron_leggings":2,"iceandfire:armor_bronze_boots":1,"iceandfire:armor_bronze_helmet":1,"iceandfire:silver_shovel":2,"minecraft:bow":1,"eidolon:silver_sword":2,"toughasnails:leaf_leggings":2,"eidolon:silver_helmet":1,"toughasnails:water_canteen":39,"eidolon:silver_chestplate":1,"iceandfire:armor_silver_boots":1,"toughasnails:purified_water_canteen":43,"iceandfire:armor_silver_helmet":1,"iceandfire:silver_axe":2,"eidolon:silver_shovel":1},"minecraft:custom":{"minecraft:animals_bred":87,"minecraft:interact_with_crafting_table":78,"minecraft:open_barrel":41,"minecraft:eat_cake_slice":2,"minecraft:leave_game":23,"minecraft:time_since_death":42376,"minecraft:damage_resisted":57,"minecraft:sprint_one_cm":4500303,"minecraft:damage_blocked_by_shield":545,"minecraft:drop":315,"minecraft:talked_to_villager":88,"minecraft:play_time":1413562,"minecraft:deaths":51,"minecraft:jump":20799,"minecraft:interact_with_brewingstand":12,"minecraft:walk_on_water_one_cm":177302,"minecraft:interact_with_furnace":97,"minecraft:traded_with_villager":175,"minecraft:sleep_in_bed":82,"minecraft:waystone_activated":4,"minecraft:damage_dealt":46880,"minecraft:crouch_one_cm":87947,"tombstone:undead_killed":45,"minecraft:interact_with_anvil":10,"minecraft:mob_kills":105,"minecraft:climb_one_cm":19456,"minecraft:walk_one_cm":1898047,"minecraft:sneak_time":56075,"minecraft:walk_under_water_one_cm":87221,"minecraft:interact_with_lectern":1,"minecraft:total_world_time":1413562,"tombstone:raider_killed":39,"minecraft:interact_with_stonecutter":7,"minecraft:time_since_rest":42120,"minecraft:damage_absorbed":158,"minecraft:damage_taken":26849,"minecraft:trigger_trapped_chest":5,"tombstone:cast_on_ally":0,"minecraft:swim_one_cm":182062,"minecraft:fly_one_cm":4233918,"minecraft:open_chest":575,"minecraft:fall_one_cm":532016},"minecraft:used":{"iceandfire:dragon_skull_ice":3,"minecraft:diamond_hoe":84,"minecraft:chest":4,"minecraft:shield":25,"minecraft:rotten_flesh":2,"minecraft:iron_chestplate":4,"minecraft:nether_bricks":3,"minecraft:carrot":411,"minecraft:tuff":1,"minecraft:obsidian":10,"minecraft:spruce_boat":1,"minecraft:glass":147,"minecraft:lava_bucket":10,"minecraft:lantern":12,"iceandfire:armor_silver_metal_leggings":9,"minecraft:stone_bricks":74,"minecraft:stone_brick_stairs":5,"minecraft:item_frame":10,"delightful:green_tea_leaf":1,"minecraft:red_carpet":43,"minecraft:bow":693,"minecraft:sweet_berries":10,"eidolon:silver_chestplate":1,"minecraft:egg":3,"minecraft:potato":2,"forbidden_arcanus:edelwood_bucket":6,"eidolon:silver_shovel":82,"minecraft:gray_carpet":2,"minecraft:acacia_trapdoor":20,"minecraft:stone_pickaxe":199,"minecraft:oak_planks":100,"minecraft:blackstone":3,"minecraft:ender_pearl":1,"minecraft:wooden_pickaxe":83,"rpgsmw:miphril_greatsword":583,"minecraft:composter":1,"cataclysm:chiseled_stone_brick_pillar":38,"toughasnails:water_canteen":378,"minecraft:oak_leaves":31,"minecraft:white_wool":1,"minecraft:sand":1,"minecraft:mushroom_stew":1,"iceandfire:silver_axe":370,"minecraft:shears":68,"relics:horse_flute":6,"waystones:waystone":3,"minecraft:lever":12,"minecraft:bread":424,"tombstone:grave_key":1,"dynamictrees:acacia_seed":5,"minecraft:gravel":203,"minecraft:soul_lantern":1,"tombstone:familiar_stone":2,"iceandfire:dragon_skull_fire":3,"minecraft:chainmail_boots":1,"minecraft:cherry_wood":2,"minecraft:oak_boat":1,"minecraft:air":4,"minecraft:bone_meal":234,"minecraft:experience_bottle":6,"minecraft:oak_fence":4,"minecraft:oak_trapdoor":5,"minecraft:flint_and_steel":2,"minecraft:redstone":24,"minecraft:spruce_planks":19,"gamma_beasts:green_apple":1,"dynamictrees:oak_seed":88,"minecraft:netherrack":105,"minecraft:torch":70,"minecraft:dirt":381,"minecraft:brewing_stand":4,"minecraft:anvil":1,"toughasnails:empty_canteen":82,"minecraft:spruce_stairs":2,"minecraft:polished_granite_slab":1,"eidolon:silver_sword":383,"minecraft:stone_brick_slab":1,"minecraft:dark_oak_planks":1,"minecraft:iron_axe":6,"minecraft:spruce_button":1,"minecraft:iron_boots":1,"minecraft:basalt":52,"tombstone:gift":4,"minecraft:acacia_planks":6,"minecraft:cobbled_deepslate":37,"minecraft:enchanted_golden_apple":1,"minecraft:acacia_boat":8,"minecraft:water_bucket":279,"toughasnails:leaf_leggings":6,"tombstone:scroll_of_reach":1,"minecraft:pink_tulip":6,"minecraft:glass_bottle":32,"minecraft:cherry_planks":4,"minecraft:green_bed":35,"minecraft:stonecutter":1,"minecraft:fletching_table":20,"minecraft:cobblestone_slab":2,"forbidden_arcanus:edelwood_water_bucket":5,"cataclysm:stone_pillar":21,"minecraft:oak_slab":2,"minecraft:crafting_table":8,"minecraft:white_bed":5,"minecraft:oak_log":2,"minecraft:mud":1,"minecraft:piston":22,"minecraft:diamond_pickaxe":1404,"minecraft:iron_pickaxe":16,"iceandfire:armor_silver_boots":1,"toughasnails:leaf_chestplate":1,"minecraft:stone_axe":1,"minecraft:chiseled_stone_bricks":2,"travelersbackpack:standard":1,"minecraft:potion":33,"minecraft:cobblestone":107,"minecraft:orange_banner":2,"toughasnails:purified_water_canteen":252,"minecraft:bucket":289,"iceandfire:silver_shovel":924,"minecraft:dandelion":7,"minecraft:diamond_leggings":5},"minecraft:killed_by":{"minecraft:vex":2,"alexsmobs:crimson_mosquito":1},"minecraft:dropped":{"minecraft:spruce_sign":7,"minecraft:loom":1,"minecraft:glass_bottle":11,"minecraft:dark_oak_slab":8,"minecraft:orange_tulip":1,"gamma_beasts:acacia_leaf":1,"minecraft:crossbow":1,"iceandfire:ectoplasm":3,"dynamictrees:spruce_seed":3,"minecraft:red_carpet":1,"minecraft:emerald":1,"minecraft:dirt":24,"minecraft:grass":1,"minecraft:stone_button":8,"minecraft:cornflower":3,"minecraft:crimson_roots":1,"minecraft:snowball":4,"farmersdelight:onion":4,"minecraft:sunflower":1,"minecraft:sand":3,"forbidden_arcanus:darkstone":3,"minecraft:stripped_oak_wood":1,"minecraft:dark_oak_planks":4,"minecraft:white_wool":1,"minecraft:gravel":13,"minecraft:white_tulip":2,"minecraft:stone_axe":1,"minecraft:cobbled_deepslate":12,"dynamictrees:oak_seed":3,"minecraft:iron_nugget":7,"minecraft:golden_chestplate":1,"alexsmobs:animal_dictionary":1,"minecraft:andesite_slab":20,"minecraft:wheat":4,"tombstone:gift":1,"minecraft:rotten_flesh":6,"minecraft:oak_planks":18,"minecraft:nether_brick_fence":4,"minecraft:azure_bluet":3,"minecraft:carrot":183,"patchouli:guide_book":2,"minecraft:chiseled_stone_bricks":1,"minecraft:poppy":4,"minecraft:orange_banner":5,"minecraft:chainmail_boots":1,"minecraft:white_dye":2,"minecraft:arrow":3,"minecraft:stone_brick_stairs":3,"gamma_beasts:oak_leaf":50,"minecraft:bread":12,"minecraft:water_bucket":2,"minecraft:wheat_seeds":55,"eidolon:silver_sword":1,"minecraft:mossy_cobblestone":15,"gamma_beasts:coal_nugget":7,"minecraft:lead":2,"minecraft:apple":5,"minecraft:cobblestone":104,"minecraft:book":2,"delightful:green_tea_leaf":47,"minecraft:granite":21,"delightful:mini_melon":1,"minecraft:spruce_button":4,"minecraft:coal":1,"minecraft:stick":87,"minecraft:oxeye_daisy":3,"ars_nouveau:worn_notebook":1,"minecraft:diorite":12,"tombstone:grave_key":4,"minecraft:nether_wart_block":2,"minecraft:rose_bush":6,"rpgsmw:class_choose_orb":1,"minecraft:potion":4,"tombstone:grave_dust":6,"minecraft:stonecutter":1,"minecraft:chainmail_leggings":1,"minecraft:paper":12,"minecraft:pink_petals":5,"minecraft:gray_carpet":12,"minecraft:acacia_planks":11,"minecraft:stone_brick_slab":1,"minecraft:dandelion":10,"minecraft:pink_tulip":1,"forbidden_arcanus:edelwood_water_bucket":1,"minecraft:moss_carpet":5,"minecraft:coarse_dirt":3,"minecraft:raw_copper":4,"minecraft:tuff":8,"minecraft:light_gray_wool":1,"minecraft:yellow_candle":6,"minecraft:shears":1,"minecraft:potato":26,"relics:magic_mirror":2,"minecraft:shield":2,"iceandfire:frozen_splinters":1,"minecraft:spruce_planks":2,"minecraft:andesite":13,"minecraft:golden_sword":1,"minecraft:stone_bricks":10,"minecraft:spider_eye":2,"minecraft:spruce_log":1,"minecraft:bow":1,"minecraft:stone_pickaxe":1,"minecraft:wooden_pickaxe":5,"minecraft:red_tulip":4,"minecraft:magma_block":2}},"DataVersion":3465}